country_name,country_iso3,year,class_id,class_name,atc,ddd_per_1000_day,oecd_status
Australia,AUS,2010,antihypertensives,Anti-hipertensivos (composição OECD),C02+C03+C07+C08+C09,243.2,D
Australia,AUS,2011,antihypertensives,Anti-hipertensivos (composição OECD),C02+C03+C07+C08+C09,239.2,D
Australia,AUS,2012,antihypertensives,Anti-hipertensivos (composição OECD),C02+C03+C07+C08+C09,238.1,D
Australia,AUS,2013,antihypertensives,Anti-hipertensivos (composição OECD),C02+C03+C07+C08+C09,239.2,B;D
Australia,AUS,2014,antihypertensives,Anti-hipertensivos (composição OECD),C02+C03+C07+C08+C09,234.7,D
Australia,AUS,2015,antihypertensives,Anti-hipertensivos (composição OECD),C02+C03+C07+C08+C09,229.0,D
Australia,AUS,2016,antihypertensives,Anti-hipertensivos (composição OECD),C02+C03+C07+C08+C09,225.1,D
Australia,AUS,2017,antihypertensives,Anti-hipertensivos (composição OECD),C02+C03+C07+C08+C09,222.2,D
Australia,AUS,2018,antihypertensives,Anti-hipertensivos (composição OECD),C02+C03+C07+C08+C09,221.2,D
Australia,AUS,2019,antihypertensives,Anti-hipertensivos (composição OECD),C02+C03+C07+C08+C09,219.9,D
Australia,AUS,2020,antihypertensives,Anti-hipertensivos (composição OECD),C02+C03+C07+C08+C09,225.7,D
Australia,AUS,2021,antihypertensives,Anti-hipertensivos (composição OECD),C02+C03+C07+C08+C09,229.4,D
Australia,AUS,2022,antihypertensives,Anti-hipertensivos (composição OECD),C02+C03+C07+C08+C09,230.6,D
Australia,AUS,2010,antidepressants,Antidepressivos,N06A,80.4,D
Australia,AUS,2011,antidepressants,Antidepressivos,N06A,88.9,D
Australia,AUS,2012,antidepressants,Antidepressivos,N06A,91.7,D
Australia,AUS,2013,antidepressants,Antidepressivos,N06A,96.2,B;D
Australia,AUS,2014,antidepressants,Antidepressivos,N06A,100.7,D
Australia,AUS,2015,antidepressants,Antidepressivos,N06A,104.1,D
Australia,AUS,2016,antidepressants,Antidepressivos,N06A,106.5,D
Australia,AUS,2017,antidepressants,Antidepressivos,N06A,109.3,D
Australia,AUS,2018,antidepressants,Antidepressivos,N06A,112.3,D
Australia,AUS,2019,antidepressants,Antidepressivos,N06A,115.7,D
Australia,AUS,2020,antidepressants,Antidepressivos,N06A,122.4,D
Australia,AUS,2021,antidepressants,Antidepressivos,N06A,127.9,D
Australia,AUS,2022,antidepressants,Antidepressivos,N06A,130.7,D
Australia,AUS,2010,antidiabetics,Antidiabéticos,A10,57.8,D
Australia,AUS,2011,antidiabetics,Antidiabéticos,A10,59.6,D
Australia,AUS,2012,antidiabetics,Antidiabéticos,A10,60.5,D
Australia,AUS,2013,antidiabetics,Antidiabéticos,A10,57.5,B;D
Australia,AUS,2014,antidiabetics,Antidiabéticos,A10,57.5,D
Australia,AUS,2015,antidiabetics,Antidiabéticos,A10,57.5,D
Australia,AUS,2016,antidiabetics,Antidiabéticos,A10,56.7,D
Australia,AUS,2017,antidiabetics,Antidiabéticos,A10,57.1,D
Australia,AUS,2018,antidiabetics,Antidiabéticos,A10,57.8,D
Australia,AUS,2019,antidiabetics,Antidiabéticos,A10,57.6,D
Australia,AUS,2020,antidiabetics,Antidiabéticos,A10,60.2,D
Australia,AUS,2021,antidiabetics,Antidiabéticos,A10,63.3,D
Australia,AUS,2022,antidiabetics,Antidiabéticos,A10,66.6,D
Australia,AUS,2010,lipid_modifying,Hipolipemiantes,C10,131.4,D
Australia,AUS,2011,lipid_modifying,Hipolipemiantes,C10,137.2,D
Australia,AUS,2012,lipid_modifying,Hipolipemiantes,C10,135.8,D
Australia,AUS,2013,lipid_modifying,Hipolipemiantes,C10,134.2,B;D
Australia,AUS,2014,lipid_modifying,Hipolipemiantes,C10,131.6,D
Australia,AUS,2015,lipid_modifying,Hipolipemiantes,C10,134.0,D
Australia,AUS,2016,lipid_modifying,Hipolipemiantes,C10,133.5,D
Australia,AUS,2017,lipid_modifying,Hipolipemiantes,C10,134.2,D
Australia,AUS,2018,lipid_modifying,Hipolipemiantes,C10,139.0,D
Australia,AUS,2019,lipid_modifying,Hipolipemiantes,C10,140.9,D
Australia,AUS,2020,lipid_modifying,Hipolipemiantes,C10,147.7,D
Australia,AUS,2021,lipid_modifying,Hipolipemiantes,C10,155.4,D
Australia,AUS,2022,lipid_modifying,Hipolipemiantes,C10,161.7,D
Austria,AUT,2010,antihypertensives,Anti-hipertensivos (composição OECD),C02+C03+C07+C08+C09,267.70000000000005,D
Austria,AUT,2011,antihypertensives,Anti-hipertensivos (composição OECD),C02+C03+C07+C08+C09,270.0,D
Austria,AUT,2012,antihypertensives,Anti-hipertensivos (composição OECD),C02+C03+C07+C08+C09,267.7,D
Austria,AUT,2013,antihypertensives,Anti-hipertensivos (composição OECD),C02+C03+C07+C08+C09,260.79999999999995,D
Austria,AUT,2014,antihypertensives,Anti-hipertensivos (composição OECD),C02+C03+C07+C08+C09,260.1,D
Austria,AUT,2015,antihypertensives,Anti-hipertensivos (composição OECD),C02+C03+C07+C08+C09,243.90000000000003,D
Austria,AUT,2016,antihypertensives,Anti-hipertensivos (composição OECD),C02+C03+C07+C08+C09,227.1,D
Austria,AUT,2017,antihypertensives,Anti-hipertensivos (composição OECD),C02+C03+C07+C08+C09,221.9,D
Austria,AUT,2018,antihypertensives,Anti-hipertensivos (composição OECD),C02+C03+C07+C08+C09,218.0,D
Austria,AUT,2019,antihypertensives,Anti-hipertensivos (composição OECD),C02+C03+C07+C08+C09,219.5,D
Austria,AUT,2020,antihypertensives,Anti-hipertensivos (composição OECD),C02+C03+C07+C08+C09,221.5,D
Austria,AUT,2021,antihypertensives,Anti-hipertensivos (composição OECD),C02+C03+C07+C08+C09,204.4,D
Austria,AUT,2022,antihypertensives,Anti-hipertensivos (composição OECD),C02+C03+C07+C08+C09,201.0,D
Austria,AUT,2010,antidepressants,Antidepressivos,N06A,54.4,D
Austria,AUT,2011,antidepressants,Antidepressivos,N06A,57.2,D
Austria,AUT,2012,antidepressants,Antidepressivos,N06A,58.3,D
Austria,AUT,2013,antidepressants,Antidepressivos,N06A,59.6,D
Austria,AUT,2014,antidepressants,Antidepressivos,N06A,60.6,D
Austria,AUT,2015,antidepressants,Antidepressivos,N06A,60.6,D
Austria,AUT,2016,antidepressants,Antidepressivos,N06A,60.8,D
Austria,AUT,2017,antidepressants,Antidepressivos,N06A,61.0,D
Austria,AUT,2018,antidepressants,Antidepressivos,N06A,61.3,D
Austria,AUT,2019,antidepressants,Antidepressivos,N06A,62.0,D
Austria,AUT,2020,antidepressants,Antidepressivos,N06A,63.2,D
Austria,AUT,2021,antidepressants,Antidepressivos,N06A,63.5,D
Austria,AUT,2022,antidepressants,Antidepressivos,N06A,63.1,D
Austria,AUT,2010,antidiabetics,Antidiabéticos,A10,45.4,D
Austria,AUT,2011,antidiabetics,Antidiabéticos,A10,46.3,D
Austria,AUT,2012,antidiabetics,Antidiabéticos,A10,45.9,D
Austria,AUT,2013,antidiabetics,Antidiabéticos,A10,46.0,D
Austria,AUT,2014,antidiabetics,Antidiabéticos,A10,46.4,D
Austria,AUT,2015,antidiabetics,Antidiabéticos,A10,46.3,D
Austria,AUT,2016,antidiabetics,Antidiabéticos,A10,46.9,D
Austria,AUT,2017,antidiabetics,Antidiabéticos,A10,47.2,D
Austria,AUT,2018,antidiabetics,Antidiabéticos,A10,46.3,D
Austria,AUT,2019,antidiabetics,Antidiabéticos,A10,47.5,D
Austria,AUT,2020,antidiabetics,Antidiabéticos,A10,49.4,D
Austria,AUT,2021,antidiabetics,Antidiabéticos,A10,49.2,D
Austria,AUT,2022,antidiabetics,Antidiabéticos,A10,52.0,D
Austria,AUT,2010,lipid_modifying,Hipolipemiantes,C10,58.8,D
Austria,AUT,2011,lipid_modifying,Hipolipemiantes,C10,64.0,D
Austria,AUT,2012,lipid_modifying,Hipolipemiantes,C10,67.2,D
Austria,AUT,2013,lipid_modifying,Hipolipemiantes,C10,71.0,D
Austria,AUT,2014,lipid_modifying,Hipolipemiantes,C10,74.2,D
Austria,AUT,2015,lipid_modifying,Hipolipemiantes,C10,77.7,D
Austria,AUT,2016,lipid_modifying,Hipolipemiantes,C10,82.4,D
Austria,AUT,2017,lipid_modifying,Hipolipemiantes,C10,87.4,D
Austria,AUT,2018,lipid_modifying,Hipolipemiantes,C10,93.5,D
Austria,AUT,2019,lipid_modifying,Hipolipemiantes,C10,101.8,D
Austria,AUT,2020,lipid_modifying,Hipolipemiantes,C10,103.9,D
Austria,AUT,2021,lipid_modifying,Hipolipemiantes,C10,93.5,D
Austria,AUT,2022,lipid_modifying,Hipolipemiantes,C10,96.5,D
Belgium,BEL,2010,antihypertensives,Anti-hipertensivos (composição OECD),C02+C03+C07+C08+C09,331.79999999999995,D
Belgium,BEL,2011,antihypertensives,Anti-hipertensivos (composição OECD),C02+C03+C07+C08+C09,330.8,D
Belgium,BEL,2012,antihypertensives,Anti-hipertensivos (composição OECD),C02+C03+C07+C08+C09,329.70000000000005,D
Belgium,BEL,2013,antihypertensives,Anti-hipertensivos (composição OECD),C02+C03+C07+C08+C09,328.1,D
Belgium,BEL,2014,antihypertensives,Anti-hipertensivos (composição OECD),C02+C03+C07+C08+C09,325.1,D
Belgium,BEL,2015,antihypertensives,Anti-hipertensivos (composição OECD),C02+C03+C07+C08+C09,323.1,D
Belgium,BEL,2016,antihypertensives,Anti-hipertensivos (composição OECD),C02+C03+C07+C08+C09,321.6,D
Belgium,BEL,2017,antihypertensives,Anti-hipertensivos (composição OECD),C02+C03+C07+C08+C09,313.5,D
Belgium,BEL,2018,antihypertensives,Anti-hipertensivos (composição OECD),C02+C03+C07+C08+C09,309.1,D
Belgium,BEL,2019,antihypertensives,Anti-hipertensivos (composição OECD),C02+C03+C07+C08+C09,307.3,D
Belgium,BEL,2020,antihypertensives,Anti-hipertensivos (composição OECD),C02+C03+C07+C08+C09,307.70000000000005,D
Belgium,BEL,2021,antihypertensives,Anti-hipertensivos (composição OECD),C02+C03+C07+C08+C09,305.7,D
Belgium,BEL,2022,antihypertensives,Anti-hipertensivos (composição OECD),C02+C03+C07+C08+C09,301.70000000000005,D
Belgium,BEL,2010,antidepressants,Antidepressivos,N06A,68.7,D
Belgium,BEL,2011,antidepressants,Antidepressivos,N06A,70.0,D
Belgium,BEL,2012,antidepressants,Antidepressivos,N06A,70.4,D
Belgium,BEL,2013,antidepressants,Antidepressivos,N06A,72.1,D
Belgium,BEL,2014,antidepressants,Antidepressivos,N06A,74.9,D
Belgium,BEL,2015,antidepressants,Antidepressivos,N06A,77.5,D
Belgium,BEL,2016,antidepressants,Antidepressivos,N06A,79.0,D
Belgium,BEL,2017,antidepressants,Antidepressivos,N06A,78.8,D
Belgium,BEL,2018,antidepressants,Antidepressivos,N06A,79.7,D
Belgium,BEL,2019,antidepressants,Antidepressivos,N06A,81.9,D
Belgium,BEL,2020,antidepressants,Antidepressivos,N06A,83.8,D
Belgium,BEL,2021,antidepressants,Antidepressivos,N06A,86.2,D
Belgium,BEL,2022,antidepressants,Antidepressivos,N06A,88.2,D
Belgium,BEL,2010,antidiabetics,Antidiabéticos,A10,60.5,D
Belgium,BEL,2011,antidiabetics,Antidiabéticos,A10,61.7,D
Belgium,BEL,2012,antidiabetics,Antidiabéticos,A10,63.2,D
Belgium,BEL,2013,antidiabetics,Antidiabéticos,A10,65.0,D
Belgium,BEL,2014,antidiabetics,Antidiabéticos,A10,66.3,D
Belgium,BEL,2015,antidiabetics,Antidiabéticos,A10,68.0,D
Belgium,BEL,2016,antidiabetics,Antidiabéticos,A10,70.0,D
Belgium,BEL,2017,antidiabetics,Antidiabéticos,A10,71.0,D
Belgium,BEL,2018,antidiabetics,Antidiabéticos,A10,72.8,D
Belgium,BEL,2019,antidiabetics,Antidiabéticos,A10,75.8,D
Belgium,BEL,2020,antidiabetics,Antidiabéticos,A10,78.0,D
Belgium,BEL,2021,antidiabetics,Antidiabéticos,A10,77.7,D
Belgium,BEL,2022,antidiabetics,Antidiabéticos,A10,81.8,D
Belgium,BEL,2010,lipid_modifying,Hipolipemiantes,C10,116.9,D
Belgium,BEL,2011,lipid_modifying,Hipolipemiantes,C10,121.5,D
Belgium,BEL,2012,lipid_modifying,Hipolipemiantes,C10,127.4,D
Belgium,BEL,2013,lipid_modifying,Hipolipemiantes,C10,130.1,D
Belgium,BEL,2014,lipid_modifying,Hipolipemiantes,C10,130.9,D
Belgium,BEL,2015,lipid_modifying,Hipolipemiantes,C10,133.3,D
Belgium,BEL,2016,lipid_modifying,Hipolipemiantes,C10,136.3,D
Belgium,BEL,2017,lipid_modifying,Hipolipemiantes,C10,137.5,D
Belgium,BEL,2018,lipid_modifying,Hipolipemiantes,C10,141.8,D
Belgium,BEL,2019,lipid_modifying,Hipolipemiantes,C10,147.6,D
Belgium,BEL,2020,lipid_modifying,Hipolipemiantes,C10,152.2,D
Belgium,BEL,2021,lipid_modifying,Hipolipemiantes,C10,159.4,D
Belgium,BEL,2022,lipid_modifying,Hipolipemiantes,C10,168.2,D
Canada,CAN,2010,antihypertensives,Anti-hipertensivos (composição OECD),C02+C03+C07+C08+C09,314.5,D
Canada,CAN,2011,antihypertensives,Anti-hipertensivos (composição OECD),C02+C03+C07+C08+C09,318.9,D
Canada,CAN,2012,antihypertensives,Anti-hipertensivos (composição OECD),C02+C03+C07+C08+C09,316.1,D
Canada,CAN,2013,antihypertensives,Anti-hipertensivos (composição OECD),C02+C03+C07+C08+C09,311.1,D
Canada,CAN,2014,antihypertensives,Anti-hipertensivos (composição OECD),C02+C03+C07+C08+C09,307.9,D
Canada,CAN,2015,antihypertensives,Anti-hipertensivos (composição OECD),C02+C03+C07+C08+C09,304.6,D
Canada,CAN,2016,antihypertensives,Anti-hipertensivos (composição OECD),C02+C03+C07+C08+C09,319.3,B;D
Canada,CAN,2017,antihypertensives,Anti-hipertensivos (composição OECD),C02+C03+C07+C08+C09,322.0,D
Canada,CAN,2018,antihypertensives,Anti-hipertensivos (composição OECD),C02+C03+C07+C08+C09,329.1,D
Canada,CAN,2019,antihypertensives,Anti-hipertensivos (composição OECD),C02+C03+C07+C08+C09,336.1,D
Canada,CAN,2020,antihypertensives,Anti-hipertensivos (composição OECD),C02+C03+C07+C08+C09,344.90000000000003,D
Canada,CAN,2021,antihypertensives,Anti-hipertensivos (composição OECD),C02+C03+C07+C08+C09,350.70000000000005,D
Canada,CAN,2022,antihypertensives,Anti-hipertensivos (composição OECD),C02+C03+C07+C08+C09,352.20000000000005,D
Canada,CAN,2023,antihypertensives,Anti-hipertensivos (composição OECD),C02+C03+C07+C08+C09,347.6,D;P
Canada,CAN,2010,antidepressants,Antidepressivos,N06A,78.8,D
Canada,CAN,2011,antidepressants,Antidepressivos,N06A,82.7,D
Canada,CAN,2012,antidepressants,Antidepressivos,N06A,83.7,D
Canada,CAN,2013,antidepressants,Antidepressivos,N06A,85.0,D
Canada,CAN,2014,antidepressants,Antidepressivos,N06A,87.4,D
Canada,CAN,2015,antidepressants,Antidepressivos,N06A,90.1,D
Canada,CAN,2016,antidepressants,Antidepressivos,N06A,100.1,B;D
Canada,CAN,2017,antidepressants,Antidepressivos,N06A,104.4,D
Canada,CAN,2018,antidepressants,Antidepressivos,N06A,108.4,D
Canada,CAN,2019,antidepressants,Antidepressivos,N06A,114.1,D
Canada,CAN,2020,antidepressants,Antidepressivos,N06A,122.0,D
Canada,CAN,2021,antidepressants,Antidepressivos,N06A,130.1,D
Canada,CAN,2022,antidepressants,Antidepressivos,N06A,134.0,D
Canada,CAN,2023,antidepressants,Antidepressivos,N06A,133.0,D;P
Canada,CAN,2010,antidiabetics,Antidiabéticos,A10,55.4,D
Canada,CAN,2011,antidiabetics,Antidiabéticos,A10,57.0,D
Canada,CAN,2012,antidiabetics,Antidiabéticos,A10,57.6,D
Canada,CAN,2013,antidiabetics,Antidiabéticos,A10,58.1,D
Canada,CAN,2014,antidiabetics,Antidiabéticos,A10,58.1,D
Canada,CAN,2015,antidiabetics,Antidiabéticos,A10,58.3,D
Canada,CAN,2016,antidiabetics,Antidiabéticos,A10,79.0,B;D
Canada,CAN,2017,antidiabetics,Antidiabéticos,A10,81.9,D
Canada,CAN,2018,antidiabetics,Antidiabéticos,A10,84.3,D
Canada,CAN,2019,antidiabetics,Antidiabéticos,A10,86.4,D
Canada,CAN,2020,antidiabetics,Antidiabéticos,A10,104.9,D
Canada,CAN,2021,antidiabetics,Antidiabéticos,A10,124.5,D
Canada,CAN,2022,antidiabetics,Antidiabéticos,A10,126.4,D
Canada,CAN,2023,antidiabetics,Antidiabéticos,A10,158.8,D;P
Canada,CAN,2010,lipid_modifying,Hipolipemiantes,C10,87.1,D
Canada,CAN,2011,lipid_modifying,Hipolipemiantes,C10,92.8,D
Canada,CAN,2012,lipid_modifying,Hipolipemiantes,C10,96.3,D
Canada,CAN,2013,lipid_modifying,Hipolipemiantes,C10,98.4,D
Canada,CAN,2014,lipid_modifying,Hipolipemiantes,C10,100.6,D
Canada,CAN,2015,lipid_modifying,Hipolipemiantes,C10,103.4,D
Canada,CAN,2016,lipid_modifying,Hipolipemiantes,C10,110.2,B;D
Canada,CAN,2017,lipid_modifying,Hipolipemiantes,C10,114.5,D
Canada,CAN,2018,lipid_modifying,Hipolipemiantes,C10,123.3,D
Canada,CAN,2019,lipid_modifying,Hipolipemiantes,C10,133.1,D
Canada,CAN,2020,lipid_modifying,Hipolipemiantes,C10,140.6,D
Canada,CAN,2021,lipid_modifying,Hipolipemiantes,C10,150.7,D
Canada,CAN,2022,lipid_modifying,Hipolipemiantes,C10,157.7,D
Canada,CAN,2023,lipid_modifying,Hipolipemiantes,C10,162.6,D;P
Chile,CHL,2011,antihypertensives,Anti-hipertensivos (composição OECD),C02+C03+C07+C08+C09,166.7,
Chile,CHL,2012,antihypertensives,Anti-hipertensivos (composição OECD),C02+C03+C07+C08+C09,299.8,
Chile,CHL,2013,antihypertensives,Anti-hipertensivos (composição OECD),C02+C03+C07+C08+C09,245.0,
Chile,CHL,2014,antihypertensives,Anti-hipertensivos (composição OECD),C02+C03+C07+C08+C09,458.4,
Chile,CHL,2015,antihypertensives,Anti-hipertensivos (composição OECD),C02+C03+C07+C08+C09,383.3,
Chile,CHL,2016,antihypertensives,Anti-hipertensivos (composição OECD),C02+C03+C07+C08+C09,364.4,
Chile,CHL,2017,antihypertensives,Anti-hipertensivos (composição OECD),C02+C03+C07+C08+C09,308.79999999999995,
Chile,CHL,2018,antihypertensives,Anti-hipertensivos (composição OECD),C02+C03+C07+C08+C09,267.0,
Chile,CHL,2019,antihypertensives,Anti-hipertensivos (composição OECD),C02+C03+C07+C08+C09,358.6,
Chile,CHL,2020,antihypertensives,Anti-hipertensivos (composição OECD),C02+C03+C07+C08+C09,470.5,
Chile,CHL,2021,antihypertensives,Anti-hipertensivos (composição OECD),C02+C03+C07+C08+C09,440.1,
Chile,CHL,2022,antihypertensives,Anti-hipertensivos (composição OECD),C02+C03+C07+C08+C09,451.2,
Chile,CHL,2023,antihypertensives,Anti-hipertensivos (composição OECD),C02+C03+C07+C08+C09,365.6,
Chile,CHL,2011,antidepressants,Antidepressivos,N06A,25.2,
Chile,CHL,2012,antidepressants,Antidepressivos,N06A,42.7,
Chile,CHL,2013,antidepressants,Antidepressivos,N06A,41.8,
Chile,CHL,2014,antidepressants,Antidepressivos,N06A,43.4,
Chile,CHL,2015,antidepressants,Antidepressivos,N06A,46.5,
Chile,CHL,2016,antidepressants,Antidepressivos,N06A,36.9,
Chile,CHL,2017,antidepressants,Antidepressivos,N06A,42.0,
Chile,CHL,2018,antidepressants,Antidepressivos,N06A,40.1,
Chile,CHL,2019,antidepressants,Antidepressivos,N06A,52.0,
Chile,CHL,2020,antidepressants,Antidepressivos,N06A,67.0,
Chile,CHL,2021,antidepressants,Antidepressivos,N06A,90.7,
Chile,CHL,2022,antidepressants,Antidepressivos,N06A,94.3,
Chile,CHL,2023,antidepressants,Antidepressivos,N06A,95.5,
Chile,CHL,2011,antidiabetics,Antidiabéticos,A10,34.0,
Chile,CHL,2012,antidiabetics,Antidiabéticos,A10,30.7,
Chile,CHL,2013,antidiabetics,Antidiabéticos,A10,45.8,
Chile,CHL,2014,antidiabetics,Antidiabéticos,A10,52.1,
Chile,CHL,2015,antidiabetics,Antidiabéticos,A10,59.3,
Chile,CHL,2016,antidiabetics,Antidiabéticos,A10,46.4,
Chile,CHL,2017,antidiabetics,Antidiabéticos,A10,39.8,
Chile,CHL,2018,antidiabetics,Antidiabéticos,A10,47.9,
Chile,CHL,2019,antidiabetics,Antidiabéticos,A10,48.0,
Chile,CHL,2020,antidiabetics,Antidiabéticos,A10,73.7,
Chile,CHL,2021,antidiabetics,Antidiabéticos,A10,77.2,
Chile,CHL,2022,antidiabetics,Antidiabéticos,A10,79.7,
Chile,CHL,2023,antidiabetics,Antidiabéticos,A10,78.8,
Chile,CHL,2011,lipid_modifying,Hipolipemiantes,C10,27.5,
Chile,CHL,2012,lipid_modifying,Hipolipemiantes,C10,44.4,
Chile,CHL,2013,lipid_modifying,Hipolipemiantes,C10,51.3,
Chile,CHL,2014,lipid_modifying,Hipolipemiantes,C10,58.8,
Chile,CHL,2015,lipid_modifying,Hipolipemiantes,C10,76.6,
Chile,CHL,2016,lipid_modifying,Hipolipemiantes,C10,72.3,
Chile,CHL,2017,lipid_modifying,Hipolipemiantes,C10,66.8,
Chile,CHL,2018,lipid_modifying,Hipolipemiantes,C10,89.8,
Chile,CHL,2019,lipid_modifying,Hipolipemiantes,C10,114.0,
Chile,CHL,2020,lipid_modifying,Hipolipemiantes,C10,101.6,
Chile,CHL,2021,lipid_modifying,Hipolipemiantes,C10,157.2,
Chile,CHL,2022,lipid_modifying,Hipolipemiantes,C10,136.6,
Chile,CHL,2023,lipid_modifying,Hipolipemiantes,C10,111.2,
Costa Rica,CRI,2010,antihypertensives,Anti-hipertensivos (composição OECD),C02+C03+C07+C08+C09,215.1,
Costa Rica,CRI,2011,antihypertensives,Anti-hipertensivos (composição OECD),C02+C03+C07+C08+C09,224.5,
Costa Rica,CRI,2012,antihypertensives,Anti-hipertensivos (composição OECD),C02+C03+C07+C08+C09,234.2,
Costa Rica,CRI,2013,antihypertensives,Anti-hipertensivos (composição OECD),C02+C03+C07+C08+C09,263.0,
Costa Rica,CRI,2014,antihypertensives,Anti-hipertensivos (composição OECD),C02+C03+C07+C08+C09,277.9,
Costa Rica,CRI,2015,antihypertensives,Anti-hipertensivos (composição OECD),C02+C03+C07+C08+C09,251.5,
Costa Rica,CRI,2016,antihypertensives,Anti-hipertensivos (composição OECD),C02+C03+C07+C08+C09,255.2,
Costa Rica,CRI,2017,antihypertensives,Anti-hipertensivos (composição OECD),C02+C03+C07+C08+C09,259.6,
Costa Rica,CRI,2018,antihypertensives,Anti-hipertensivos (composição OECD),C02+C03+C07+C08+C09,271.79999999999995,
Costa Rica,CRI,2019,antihypertensives,Anti-hipertensivos (composição OECD),C02+C03+C07+C08+C09,282.79999999999995,
Costa Rica,CRI,2020,antihypertensives,Anti-hipertensivos (composição OECD),C02+C03+C07+C08+C09,298.7,
Costa Rica,CRI,2021,antihypertensives,Anti-hipertensivos (composição OECD),C02+C03+C07+C08+C09,308.1,
Costa Rica,CRI,2022,antihypertensives,Anti-hipertensivos (composição OECD),C02+C03+C07+C08+C09,218.9,
Costa Rica,CRI,2023,antihypertensives,Anti-hipertensivos (composição OECD),C02+C03+C07+C08+C09,292.2,
Costa Rica,CRI,2010,antidepressants,Antidepressivos,N06A,21.9,
Costa Rica,CRI,2011,antidepressants,Antidepressivos,N06A,24.4,
Costa Rica,CRI,2012,antidepressants,Antidepressivos,N06A,26.1,
Costa Rica,CRI,2013,antidepressants,Antidepressivos,N06A,29.7,
Costa Rica,CRI,2014,antidepressants,Antidepressivos,N06A,29.9,
Costa Rica,CRI,2015,antidepressants,Antidepressivos,N06A,28.4,
Costa Rica,CRI,2016,antidepressants,Antidepressivos,N06A,29.3,
Costa Rica,CRI,2017,antidepressants,Antidepressivos,N06A,30.9,
Costa Rica,CRI,2018,antidepressants,Antidepressivos,N06A,33.4,
Costa Rica,CRI,2019,antidepressants,Antidepressivos,N06A,35.9,
Costa Rica,CRI,2020,antidepressants,Antidepressivos,N06A,39.0,
Costa Rica,CRI,2021,antidepressants,Antidepressivos,N06A,41.5,
Costa Rica,CRI,2022,antidepressants,Antidepressivos,N06A,34.5,
Costa Rica,CRI,2023,antidepressants,Antidepressivos,N06A,47.9,
Costa Rica,CRI,2010,antidiabetics,Antidiabéticos,A10,45.7,
Costa Rica,CRI,2011,antidiabetics,Antidiabéticos,A10,48.0,
Costa Rica,CRI,2012,antidiabetics,Antidiabéticos,A10,50.4,
Costa Rica,CRI,2013,antidiabetics,Antidiabéticos,A10,57.0,
Costa Rica,CRI,2014,antidiabetics,Antidiabéticos,A10,61.4,
Costa Rica,CRI,2015,antidiabetics,Antidiabéticos,A10,57.3,
Costa Rica,CRI,2016,antidiabetics,Antidiabéticos,A10,59.6,
Costa Rica,CRI,2017,antidiabetics,Antidiabéticos,A10,62.4,
Costa Rica,CRI,2018,antidiabetics,Antidiabéticos,A10,66.7,
Costa Rica,CRI,2019,antidiabetics,Antidiabéticos,A10,72.2,
Costa Rica,CRI,2020,antidiabetics,Antidiabéticos,A10,78.8,
Costa Rica,CRI,2021,antidiabetics,Antidiabéticos,A10,82.3,
Costa Rica,CRI,2022,antidiabetics,Antidiabéticos,A10,67.9,
Costa Rica,CRI,2023,antidiabetics,Antidiabéticos,A10,86.8,
Costa Rica,CRI,2010,lipid_modifying,Hipolipemiantes,C10,32.9,
Costa Rica,CRI,2011,lipid_modifying,Hipolipemiantes,C10,34.6,
Costa Rica,CRI,2012,lipid_modifying,Hipolipemiantes,C10,36.7,
Costa Rica,CRI,2013,lipid_modifying,Hipolipemiantes,C10,41.6,
Costa Rica,CRI,2014,lipid_modifying,Hipolipemiantes,C10,43.9,
Costa Rica,CRI,2015,lipid_modifying,Hipolipemiantes,C10,40.8,
Costa Rica,CRI,2016,lipid_modifying,Hipolipemiantes,C10,44.4,
Costa Rica,CRI,2017,lipid_modifying,Hipolipemiantes,C10,47.6,
Costa Rica,CRI,2018,lipid_modifying,Hipolipemiantes,C10,51.4,
Costa Rica,CRI,2019,lipid_modifying,Hipolipemiantes,C10,55.0,
Costa Rica,CRI,2020,lipid_modifying,Hipolipemiantes,C10,56.5,
Costa Rica,CRI,2021,lipid_modifying,Hipolipemiantes,C10,60.2,
Costa Rica,CRI,2022,lipid_modifying,Hipolipemiantes,C10,47.3,
Costa Rica,CRI,2023,lipid_modifying,Hipolipemiantes,C10,63.3,
Czechia,CZE,2010,antihypertensives,Anti-hipertensivos (composição OECD),C02+C03+C07+C08+C09,446.1,
Czechia,CZE,2011,antihypertensives,Anti-hipertensivos (composição OECD),C02+C03+C07+C08+C09,443.3,
Czechia,CZE,2012,antihypertensives,Anti-hipertensivos (composição OECD),C02+C03+C07+C08+C09,447.4,
Czechia,CZE,2013,antihypertensives,Anti-hipertensivos (composição OECD),C02+C03+C07+C08+C09,447.4,
Czechia,CZE,2014,antihypertensives,Anti-hipertensivos (composição OECD),C02+C03+C07+C08+C09,453.8,
Czechia,CZE,2015,antihypertensives,Anti-hipertensivos (composição OECD),C02+C03+C07+C08+C09,455.9,
Czechia,CZE,2016,antihypertensives,Anti-hipertensivos (composição OECD),C02+C03+C07+C08+C09,448.1,
Czechia,CZE,2017,antihypertensives,Anti-hipertensivos (composição OECD),C02+C03+C07+C08+C09,445.6,
Czechia,CZE,2018,antihypertensives,Anti-hipertensivos (composição OECD),C02+C03+C07+C08+C09,432.0,
Czechia,CZE,2019,antihypertensives,Anti-hipertensivos (composição OECD),C02+C03+C07+C08+C09,434.2000000000001,
Czechia,CZE,2020,antihypertensives,Anti-hipertensivos (composição OECD),C02+C03+C07+C08+C09,429.7000000000001,
Czechia,CZE,2021,antihypertensives,Anti-hipertensivos (composição OECD),C02+C03+C07+C08+C09,424.8,
Czechia,CZE,2022,antihypertensives,Anti-hipertensivos (composição OECD),C02+C03+C07+C08+C09,426.3,
Czechia,CZE,2010,antidepressants,Antidepressivos,N06A,41.6,
Czechia,CZE,2011,antidepressants,Antidepressivos,N06A,44.1,
Czechia,CZE,2012,antidepressants,Antidepressivos,N06A,46.2,
Czechia,CZE,2013,antidepressants,Antidepressivos,N06A,49.0,
Czechia,CZE,2014,antidepressants,Antidepressivos,N06A,52.7,
Czechia,CZE,2015,antidepressants,Antidepressivos,N06A,55.0,
Czechia,CZE,2016,antidepressants,Antidepressivos,N06A,57.1,
Czechia,CZE,2017,antidepressants,Antidepressivos,N06A,59.9,
Czechia,CZE,2018,antidepressants,Antidepressivos,N06A,61.4,
Czechia,CZE,2019,antidepressants,Antidepressivos,N06A,64.4,
Czechia,CZE,2020,antidepressants,Antidepressivos,N06A,65.7,
Czechia,CZE,2021,antidepressants,Antidepressivos,N06A,69.4,
Czechia,CZE,2022,antidepressants,Antidepressivos,N06A,73.3,
Czechia,CZE,2010,antidiabetics,Antidiabéticos,A10,73.7,
Czechia,CZE,2011,antidiabetics,Antidiabéticos,A10,76.2,
Czechia,CZE,2012,antidiabetics,Antidiabéticos,A10,78.2,
Czechia,CZE,2013,antidiabetics,Antidiabéticos,A10,80.2,
Czechia,CZE,2014,antidiabetics,Antidiabéticos,A10,84.7,
Czechia,CZE,2015,antidiabetics,Antidiabéticos,A10,88.0,
Czechia,CZE,2016,antidiabetics,Antidiabéticos,A10,88.9,
Czechia,CZE,2017,antidiabetics,Antidiabéticos,A10,89.4,
Czechia,CZE,2018,antidiabetics,Antidiabéticos,A10,90.5,
Czechia,CZE,2019,antidiabetics,Antidiabéticos,A10,92.4,
Czechia,CZE,2020,antidiabetics,Antidiabéticos,A10,94.2,
Czechia,CZE,2021,antidiabetics,Antidiabéticos,A10,97.5,
Czechia,CZE,2022,antidiabetics,Antidiabéticos,A10,99.3,
Czechia,CZE,2010,lipid_modifying,Hipolipemiantes,C10,86.7,
Czechia,CZE,2011,lipid_modifying,Hipolipemiantes,C10,92.0,
Czechia,CZE,2012,lipid_modifying,Hipolipemiantes,C10,100.4,
Czechia,CZE,2013,lipid_modifying,Hipolipemiantes,C10,103.4,
Czechia,CZE,2014,lipid_modifying,Hipolipemiantes,C10,112.7,
Czechia,CZE,2015,lipid_modifying,Hipolipemiantes,C10,117.7,
Czechia,CZE,2016,lipid_modifying,Hipolipemiantes,C10,125.1,
Czechia,CZE,2017,lipid_modifying,Hipolipemiantes,C10,130.4,
Czechia,CZE,2018,lipid_modifying,Hipolipemiantes,C10,135.3,
Czechia,CZE,2019,lipid_modifying,Hipolipemiantes,C10,145.5,
Czechia,CZE,2020,lipid_modifying,Hipolipemiantes,C10,155.8,
Czechia,CZE,2021,lipid_modifying,Hipolipemiantes,C10,169.1,
Czechia,CZE,2022,lipid_modifying,Hipolipemiantes,C10,194.3,
Germany,DEU,2010,antihypertensives,Anti-hipertensivos (composição OECD),C02+C03+C07+C08+C09,542.5,D
Germany,DEU,2011,antihypertensives,Anti-hipertensivos (composição OECD),C02+C03+C07+C08+C09,555.3,D
Germany,DEU,2012,antihypertensives,Anti-hipertensivos (composição OECD),C02+C03+C07+C08+C09,566.5999999999999,D
Germany,DEU,2013,antihypertensives,Anti-hipertensivos (composição OECD),C02+C03+C07+C08+C09,574.9,D
Germany,DEU,2014,antihypertensives,Anti-hipertensivos (composição OECD),C02+C03+C07+C08+C09,587.5999999999999,D
Germany,DEU,2015,antihypertensives,Anti-hipertensivos (composição OECD),C02+C03+C07+C08+C09,591.3,D
Germany,DEU,2016,antihypertensives,Anti-hipertensivos (composição OECD),C02+C03+C07+C08+C09,595.3,D
Germany,DEU,2017,antihypertensives,Anti-hipertensivos (composição OECD),C02+C03+C07+C08+C09,593.0999999999999,D
Germany,DEU,2018,antihypertensives,Anti-hipertensivos (composição OECD),C02+C03+C07+C08+C09,610.8,B;D
Germany,DEU,2019,antihypertensives,Anti-hipertensivos (composição OECD),C02+C03+C07+C08+C09,636.7,D
Germany,DEU,2020,antihypertensives,Anti-hipertensivos (composição OECD),C02+C03+C07+C08+C09,655.0,D
Germany,DEU,2021,antihypertensives,Anti-hipertensivos (composição OECD),C02+C03+C07+C08+C09,662.3000000000001,D
Germany,DEU,2022,antihypertensives,Anti-hipertensivos (composição OECD),C02+C03+C07+C08+C09,668.8,D
Germany,DEU,2010,antidepressants,Antidepressivos,N06A,46.7,D
Germany,DEU,2011,antidepressants,Antidepressivos,N06A,50.0,D
Germany,DEU,2012,antidepressants,Antidepressivos,N06A,51.9,D
Germany,DEU,2013,antidepressants,Antidepressivos,N06A,53.1,D
Germany,DEU,2014,antidepressants,Antidepressivos,N06A,55.1,D
Germany,DEU,2015,antidepressants,Antidepressivos,N06A,56.4,D
Germany,DEU,2016,antidepressants,Antidepressivos,N06A,56.5,D
Germany,DEU,2017,antidepressants,Antidepressivos,N06A,56.9,D
Germany,DEU,2018,antidepressants,Antidepressivos,N06A,58.5,B;D
Germany,DEU,2019,antidepressants,Antidepressivos,N06A,60.3,D
Germany,DEU,2020,antidepressants,Antidepressivos,N06A,62.2,D
Germany,DEU,2021,antidepressants,Antidepressivos,N06A,64.0,D
Germany,DEU,2022,antidepressants,Antidepressivos,N06A,65.7,D
Germany,DEU,2010,antidiabetics,Antidiabéticos,A10,81.4,D
Germany,DEU,2011,antidiabetics,Antidiabéticos,A10,82.6,D
Germany,DEU,2012,antidiabetics,Antidiabéticos,A10,83.2,D
Germany,DEU,2013,antidiabetics,Antidiabéticos,A10,83.2,D
Germany,DEU,2014,antidiabetics,Antidiabéticos,A10,83.6,D
Germany,DEU,2015,antidiabetics,Antidiabéticos,A10,82.6,D
Germany,DEU,2016,antidiabetics,Antidiabéticos,A10,83.8,D
Germany,DEU,2017,antidiabetics,Antidiabéticos,A10,83.5,D
Germany,DEU,2018,antidiabetics,Antidiabéticos,A10,85.9,B;D
Germany,DEU,2019,antidiabetics,Antidiabéticos,A10,88.3,D
Germany,DEU,2020,antidiabetics,Antidiabéticos,A10,91.0,D
Germany,DEU,2021,antidiabetics,Antidiabéticos,A10,93.6,D
Germany,DEU,2022,antidiabetics,Antidiabéticos,A10,101.0,D
Germany,DEU,2010,lipid_modifying,Hipolipemiantes,C10,65.0,D
Germany,DEU,2011,lipid_modifying,Hipolipemiantes,C10,67.7,D
Germany,DEU,2012,lipid_modifying,Hipolipemiantes,C10,70.5,D
Germany,DEU,2013,lipid_modifying,Hipolipemiantes,C10,73.0,D
Germany,DEU,2014,lipid_modifying,Hipolipemiantes,C10,76.4,D
Germany,DEU,2015,lipid_modifying,Hipolipemiantes,C10,79.3,D
Germany,DEU,2016,lipid_modifying,Hipolipemiantes,C10,84.0,D
Germany,DEU,2017,lipid_modifying,Hipolipemiantes,C10,87.4,D
Germany,DEU,2018,lipid_modifying,Hipolipemiantes,C10,94.7,B;D
Germany,DEU,2019,lipid_modifying,Hipolipemiantes,C10,103.7,D
Germany,DEU,2020,lipid_modifying,Hipolipemiantes,C10,113.3,D
Germany,DEU,2021,lipid_modifying,Hipolipemiantes,C10,125.1,D
Germany,DEU,2022,lipid_modifying,Hipolipemiantes,C10,135.9,D
Denmark,DNK,2010,antihypertensives,Anti-hipertensivos (composição OECD),C02+C03+C07+C08+C09,386.3,
Denmark,DNK,2011,antihypertensives,Anti-hipertensivos (composição OECD),C02+C03+C07+C08+C09,389.0,
Denmark,DNK,2012,antihypertensives,Anti-hipertensivos (composição OECD),C02+C03+C07+C08+C09,394.9,
Denmark,DNK,2013,antihypertensives,Anti-hipertensivos (composição OECD),C02+C03+C07+C08+C09,397.9,
Denmark,DNK,2014,antihypertensives,Anti-hipertensivos (composição OECD),C02+C03+C07+C08+C09,397.5,
Denmark,DNK,2015,antihypertensives,Anti-hipertensivos (composição OECD),C02+C03+C07+C08+C09,396.0,
Denmark,DNK,2016,antihypertensives,Anti-hipertensivos (composição OECD),C02+C03+C07+C08+C09,393.4,
Denmark,DNK,2017,antihypertensives,Anti-hipertensivos (composição OECD),C02+C03+C07+C08+C09,388.5,
Denmark,DNK,2018,antihypertensives,Anti-hipertensivos (composição OECD),C02+C03+C07+C08+C09,397.0,
Denmark,DNK,2019,antihypertensives,Anti-hipertensivos (composição OECD),C02+C03+C07+C08+C09,416.8,
Denmark,DNK,2020,antihypertensives,Anti-hipertensivos (composição OECD),C02+C03+C07+C08+C09,432.9,
Denmark,DNK,2021,antihypertensives,Anti-hipertensivos (composição OECD),C02+C03+C07+C08+C09,445.0,
Denmark,DNK,2022,antihypertensives,Anti-hipertensivos (composição OECD),C02+C03+C07+C08+C09,457.8,D
Denmark,DNK,2023,antihypertensives,Anti-hipertensivos (composição OECD),C02+C03+C07+C08+C09,475.9,D
Denmark,DNK,2010,antidepressants,Antidepressivos,N06A,84.0,
Denmark,DNK,2011,antidepressants,Antidepressivos,N06A,85.2,
Denmark,DNK,2012,antidepressants,Antidepressivos,N06A,83.2,
Denmark,DNK,2013,antidepressants,Antidepressivos,N06A,80.0,
Denmark,DNK,2014,antidepressants,Antidepressivos,N06A,76.6,
Denmark,DNK,2015,antidepressants,Antidepressivos,N06A,77.0,
Denmark,DNK,2016,antidepressants,Antidepressivos,N06A,76.4,
Denmark,DNK,2017,antidepressants,Antidepressivos,N06A,75.7,
Denmark,DNK,2018,antidepressants,Antidepressivos,N06A,76.6,
Denmark,DNK,2019,antidepressants,Antidepressivos,N06A,78.3,
Denmark,DNK,2020,antidepressants,Antidepressivos,N06A,80.7,
Denmark,DNK,2021,antidepressants,Antidepressivos,N06A,84.6,
Denmark,DNK,2022,antidepressants,Antidepressivos,N06A,88.3,D
Denmark,DNK,2023,antidepressants,Antidepressivos,N06A,92.2,D
Denmark,DNK,2010,antidiabetics,Antidiabéticos,A10,47.4,
Denmark,DNK,2011,antidiabetics,Antidiabéticos,A10,49.0,
Denmark,DNK,2012,antidiabetics,Antidiabéticos,A10,50.5,
Denmark,DNK,2013,antidiabetics,Antidiabéticos,A10,51.2,
Denmark,DNK,2014,antidiabetics,Antidiabéticos,A10,51.8,
Denmark,DNK,2015,antidiabetics,Antidiabéticos,A10,53.0,
Denmark,DNK,2016,antidiabetics,Antidiabéticos,A10,54.7,
Denmark,DNK,2017,antidiabetics,Antidiabéticos,A10,55.6,
Denmark,DNK,2018,antidiabetics,Antidiabéticos,A10,57.0,
Denmark,DNK,2019,antidiabetics,Antidiabéticos,A10,58.8,
Denmark,DNK,2020,antidiabetics,Antidiabéticos,A10,62.0,
Denmark,DNK,2021,antidiabetics,Antidiabéticos,A10,67.0,
Denmark,DNK,2022,antidiabetics,Antidiabéticos,A10,73.9,D
Denmark,DNK,2023,antidiabetics,Antidiabéticos,A10,93.3,D
Denmark,DNK,2010,lipid_modifying,Hipolipemiantes,C10,108.4,
Denmark,DNK,2011,lipid_modifying,Hipolipemiantes,C10,114.7,
Denmark,DNK,2012,lipid_modifying,Hipolipemiantes,C10,120.0,
Denmark,DNK,2013,lipid_modifying,Hipolipemiantes,C10,125.7,
Denmark,DNK,2014,lipid_modifying,Hipolipemiantes,C10,132.4,
Denmark,DNK,2015,lipid_modifying,Hipolipemiantes,C10,141.2,
Denmark,DNK,2016,lipid_modifying,Hipolipemiantes,C10,141.8,
Denmark,DNK,2017,lipid_modifying,Hipolipemiantes,C10,148.4,
Denmark,DNK,2018,lipid_modifying,Hipolipemiantes,C10,157.7,
Denmark,DNK,2019,lipid_modifying,Hipolipemiantes,C10,167.6,
Denmark,DNK,2020,lipid_modifying,Hipolipemiantes,C10,181.1,
Denmark,DNK,2021,lipid_modifying,Hipolipemiantes,C10,195.2,
Denmark,DNK,2022,lipid_modifying,Hipolipemiantes,C10,211.3,D
Denmark,DNK,2023,lipid_modifying,Hipolipemiantes,C10,229.7,D
Spain,ESP,2010,antihypertensives,Anti-hipertensivos (composição OECD),C02+C03+C07+C08+C09,270.8,D
Spain,ESP,2011,antihypertensives,Anti-hipertensivos (composição OECD),C02+C03+C07+C08+C09,272.20000000000005,D
Spain,ESP,2012,antihypertensives,Anti-hipertensivos (composição OECD),C02+C03+C07+C08+C09,269.70000000000005,D
Spain,ESP,2013,antihypertensives,Anti-hipertensivos (composição OECD),C02+C03+C07+C08+C09,269.2,D
Spain,ESP,2014,antihypertensives,Anti-hipertensivos (composição OECD),C02+C03+C07+C08+C09,286.6,B;D
Spain,ESP,2015,antihypertensives,Anti-hipertensivos (composição OECD),C02+C03+C07+C08+C09,289.2,D
Spain,ESP,2016,antihypertensives,Anti-hipertensivos (composição OECD),C02+C03+C07+C08+C09,293.2,D
Spain,ESP,2017,antihypertensives,Anti-hipertensivos (composição OECD),C02+C03+C07+C08+C09,294.8,D
Spain,ESP,2018,antihypertensives,Anti-hipertensivos (composição OECD),C02+C03+C07+C08+C09,299.1,B
Spain,ESP,2019,antihypertensives,Anti-hipertensivos (composição OECD),C02+C03+C07+C08+C09,301.90000000000003,
Spain,ESP,2020,antihypertensives,Anti-hipertensivos (composição OECD),C02+C03+C07+C08+C09,303.7,
Spain,ESP,2021,antihypertensives,Anti-hipertensivos (composição OECD),C02+C03+C07+C08+C09,306.9,
Spain,ESP,2022,antihypertensives,Anti-hipertensivos (composição OECD),C02+C03+C07+C08+C09,308.4,
Spain,ESP,2023,antihypertensives,Anti-hipertensivos (composição OECD),C02+C03+C07+C08+C09,307.0,P
Spain,ESP,2010,antidepressants,Antidepressivos,N06A,61.2,D
Spain,ESP,2011,antidepressants,Antidepressivos,N06A,63.9,D
Spain,ESP,2012,antidepressants,Antidepressivos,N06A,64.0,D
Spain,ESP,2013,antidepressants,Antidepressivos,N06A,65.2,D
Spain,ESP,2014,antidepressants,Antidepressivos,N06A,71.3,B;D
Spain,ESP,2015,antidepressants,Antidepressivos,N06A,73.1,D
Spain,ESP,2016,antidepressants,Antidepressivos,N06A,75.5,D
Spain,ESP,2017,antidepressants,Antidepressivos,N06A,77.2,D
Spain,ESP,2018,antidepressants,Antidepressivos,N06A,80.4,B
Spain,ESP,2019,antidepressants,Antidepressivos,N06A,83.6,
Spain,ESP,2020,antidepressants,Antidepressivos,N06A,86.9,
Spain,ESP,2021,antidepressants,Antidepressivos,N06A,92.7,
Spain,ESP,2022,antidepressants,Antidepressivos,N06A,98.8,
Spain,ESP,2023,antidepressants,Antidepressivos,N06A,101.5,P
Spain,ESP,2010,antidiabetics,Antidiabéticos,A10,55.8,D
Spain,ESP,2011,antidiabetics,Antidiabéticos,A10,56.0,D
Spain,ESP,2012,antidiabetics,Antidiabéticos,A10,66.4,D
Spain,ESP,2013,antidiabetics,Antidiabéticos,A10,66.6,D
Spain,ESP,2014,antidiabetics,Antidiabéticos,A10,71.1,B;D
Spain,ESP,2015,antidiabetics,Antidiabéticos,A10,72.9,D
Spain,ESP,2016,antidiabetics,Antidiabéticos,A10,75.1,D
Spain,ESP,2017,antidiabetics,Antidiabéticos,A10,76.4,D
Spain,ESP,2018,antidiabetics,Antidiabéticos,A10,78.1,B
Spain,ESP,2019,antidiabetics,Antidiabéticos,A10,79.6,
Spain,ESP,2020,antidiabetics,Antidiabéticos,A10,81.3,
Spain,ESP,2021,antidiabetics,Antidiabéticos,A10,84.7,
Spain,ESP,2022,antidiabetics,Antidiabéticos,A10,89.1,
Spain,ESP,2023,antidiabetics,Antidiabéticos,A10,92.7,P
Spain,ESP,2010,lipid_modifying,Hipolipemiantes,C10,82.5,D
Spain,ESP,2011,lipid_modifying,Hipolipemiantes,C10,89.5,D
Spain,ESP,2012,lipid_modifying,Hipolipemiantes,C10,93.1,D
Spain,ESP,2013,lipid_modifying,Hipolipemiantes,C10,96.2,D
Spain,ESP,2014,lipid_modifying,Hipolipemiantes,C10,105.4,B;D
Spain,ESP,2015,lipid_modifying,Hipolipemiantes,C10,110.2,D
Spain,ESP,2016,lipid_modifying,Hipolipemiantes,C10,114.7,D
Spain,ESP,2017,lipid_modifying,Hipolipemiantes,C10,117.5,D
Spain,ESP,2018,lipid_modifying,Hipolipemiantes,C10,123.2,B
Spain,ESP,2019,lipid_modifying,Hipolipemiantes,C10,125.1,
Spain,ESP,2020,lipid_modifying,Hipolipemiantes,C10,128.7,
Spain,ESP,2021,lipid_modifying,Hipolipemiantes,C10,135.7,
Spain,ESP,2022,lipid_modifying,Hipolipemiantes,C10,143.2,
Spain,ESP,2023,lipid_modifying,Hipolipemiantes,C10,147.8,P
Estonia,EST,2010,antihypertensives,Anti-hipertensivos (composição OECD),C02+C03+C07+C08+C09,288.3,
Estonia,EST,2011,antihypertensives,Anti-hipertensivos (composição OECD),C02+C03+C07+C08+C09,290.4,
Estonia,EST,2012,antihypertensives,Anti-hipertensivos (composição OECD),C02+C03+C07+C08+C09,321.6,
Estonia,EST,2013,antihypertensives,Anti-hipertensivos (composição OECD),C02+C03+C07+C08+C09,323.1,
Estonia,EST,2014,antihypertensives,Anti-hipertensivos (composição OECD),C02+C03+C07+C08+C09,326.0,
Estonia,EST,2015,antihypertensives,Anti-hipertensivos (composição OECD),C02+C03+C07+C08+C09,331.1,
Estonia,EST,2016,antihypertensives,Anti-hipertensivos (composição OECD),C02+C03+C07+C08+C09,326.1,
Estonia,EST,2017,antihypertensives,Anti-hipertensivos (composição OECD),C02+C03+C07+C08+C09,330.7,
Estonia,EST,2018,antihypertensives,Anti-hipertensivos (composição OECD),C02+C03+C07+C08+C09,336.5,
Estonia,EST,2019,antihypertensives,Anti-hipertensivos (composição OECD),C02+C03+C07+C08+C09,334.8,
Estonia,EST,2020,antihypertensives,Anti-hipertensivos (composição OECD),C02+C03+C07+C08+C09,344.1,
Estonia,EST,2021,antihypertensives,Anti-hipertensivos (composição OECD),C02+C03+C07+C08+C09,338.2,
Estonia,EST,2022,antihypertensives,Anti-hipertensivos (composição OECD),C02+C03+C07+C08+C09,346.0,
Estonia,EST,2023,antihypertensives,Anti-hipertensivos (composição OECD),C02+C03+C07+C08+C09,338.1,
Estonia,EST,2010,antidepressants,Antidepressivos,N06A,15.9,
Estonia,EST,2011,antidepressants,Antidepressivos,N06A,17.9,
Estonia,EST,2012,antidepressants,Antidepressivos,N06A,20.1,
Estonia,EST,2013,antidepressants,Antidepressivos,N06A,21.4,
Estonia,EST,2014,antidepressants,Antidepressivos,N06A,23.3,
Estonia,EST,2015,antidepressants,Antidepressivos,N06A,24.8,
Estonia,EST,2016,antidepressants,Antidepressivos,N06A,27.2,
Estonia,EST,2017,antidepressants,Antidepressivos,N06A,28.8,
Estonia,EST,2018,antidepressants,Antidepressivos,N06A,31.9,
Estonia,EST,2019,antidepressants,Antidepressivos,N06A,34.8,
Estonia,EST,2020,antidepressants,Antidepressivos,N06A,37.0,
Estonia,EST,2021,antidepressants,Antidepressivos,N06A,40.7,
Estonia,EST,2022,antidepressants,Antidepressivos,N06A,44.5,
Estonia,EST,2023,antidepressants,Antidepressivos,N06A,47.5,
Estonia,EST,2010,antidiabetics,Antidiabéticos,A10,45.5,
Estonia,EST,2011,antidiabetics,Antidiabéticos,A10,47.5,
Estonia,EST,2012,antidiabetics,Antidiabéticos,A10,53.1,
Estonia,EST,2013,antidiabetics,Antidiabéticos,A10,54.6,
Estonia,EST,2014,antidiabetics,Antidiabéticos,A10,57.3,
Estonia,EST,2015,antidiabetics,Antidiabéticos,A10,59.4,
Estonia,EST,2016,antidiabetics,Antidiabéticos,A10,61.1,
Estonia,EST,2017,antidiabetics,Antidiabéticos,A10,62.2,
Estonia,EST,2018,antidiabetics,Antidiabéticos,A10,64.9,
Estonia,EST,2019,antidiabetics,Antidiabéticos,A10,65.0,
Estonia,EST,2020,antidiabetics,Antidiabéticos,A10,66.8,
Estonia,EST,2021,antidiabetics,Antidiabéticos,A10,67.5,
Estonia,EST,2022,antidiabetics,Antidiabéticos,A10,73.8,
Estonia,EST,2023,antidiabetics,Antidiabéticos,A10,77.4,
Estonia,EST,2010,lipid_modifying,Hipolipemiantes,C10,26.5,
Estonia,EST,2011,lipid_modifying,Hipolipemiantes,C10,32.0,
Estonia,EST,2012,lipid_modifying,Hipolipemiantes,C10,40.0,
Estonia,EST,2013,lipid_modifying,Hipolipemiantes,C10,43.7,
Estonia,EST,2014,lipid_modifying,Hipolipemiantes,C10,47.3,
Estonia,EST,2015,lipid_modifying,Hipolipemiantes,C10,51.6,
Estonia,EST,2016,lipid_modifying,Hipolipemiantes,C10,53.4,
Estonia,EST,2017,lipid_modifying,Hipolipemiantes,C10,58.2,
Estonia,EST,2018,lipid_modifying,Hipolipemiantes,C10,64.4,
Estonia,EST,2019,lipid_modifying,Hipolipemiantes,C10,69.1,
Estonia,EST,2020,lipid_modifying,Hipolipemiantes,C10,79.9,
Estonia,EST,2021,lipid_modifying,Hipolipemiantes,C10,88.3,
Estonia,EST,2022,lipid_modifying,Hipolipemiantes,C10,102.5,
Estonia,EST,2023,lipid_modifying,Hipolipemiantes,C10,113.1,
Finland,FIN,2010,antihypertensives,Anti-hipertensivos (composição OECD),C02+C03+C07+C08+C09,409.5,
Finland,FIN,2011,antihypertensives,Anti-hipertensivos (composição OECD),C02+C03+C07+C08+C09,413.5,
Finland,FIN,2012,antihypertensives,Anti-hipertensivos (composição OECD),C02+C03+C07+C08+C09,421.3,
Finland,FIN,2013,antihypertensives,Anti-hipertensivos (composição OECD),C02+C03+C07+C08+C09,426.69999999999993,
Finland,FIN,2014,antihypertensives,Anti-hipertensivos (composição OECD),C02+C03+C07+C08+C09,431.9,
Finland,FIN,2015,antihypertensives,Anti-hipertensivos (composição OECD),C02+C03+C07+C08+C09,436.3,
Finland,FIN,2016,antihypertensives,Anti-hipertensivos (composição OECD),C02+C03+C07+C08+C09,437.2000000000001,
Finland,FIN,2017,antihypertensives,Anti-hipertensivos (composição OECD),C02+C03+C07+C08+C09,446.8,
Finland,FIN,2018,antihypertensives,Anti-hipertensivos (composição OECD),C02+C03+C07+C08+C09,462.7,
Finland,FIN,2019,antihypertensives,Anti-hipertensivos (composição OECD),C02+C03+C07+C08+C09,478.9,
Finland,FIN,2020,antihypertensives,Anti-hipertensivos (composição OECD),C02+C03+C07+C08+C09,494.0,
Finland,FIN,2021,antihypertensives,Anti-hipertensivos (composição OECD),C02+C03+C07+C08+C09,502.7,
Finland,FIN,2010,antidepressants,Antidepressivos,N06A,69.2,
Finland,FIN,2011,antidepressants,Antidepressivos,N06A,70.2,
Finland,FIN,2012,antidepressants,Antidepressivos,N06A,69.8,
Finland,FIN,2013,antidepressants,Antidepressivos,N06A,69.4,
Finland,FIN,2014,antidepressants,Antidepressivos,N06A,68.9,
Finland,FIN,2015,antidepressants,Antidepressivos,N06A,68.3,
Finland,FIN,2016,antidepressants,Antidepressivos,N06A,67.7,
Finland,FIN,2017,antidepressants,Antidepressivos,N06A,70.5,
Finland,FIN,2018,antidepressants,Antidepressivos,N06A,74.9,
Finland,FIN,2019,antidepressants,Antidepressivos,N06A,78.3,
Finland,FIN,2020,antidepressants,Antidepressivos,N06A,81.5,
Finland,FIN,2021,antidepressants,Antidepressivos,N06A,85.2,
Finland,FIN,2010,antidiabetics,Antidiabéticos,A10,83.3,
Finland,FIN,2011,antidiabetics,Antidiabéticos,A10,84.2,
Finland,FIN,2012,antidiabetics,Antidiabéticos,A10,84.8,
Finland,FIN,2013,antidiabetics,Antidiabéticos,A10,85.9,
Finland,FIN,2014,antidiabetics,Antidiabéticos,A10,88.1,
Finland,FIN,2015,antidiabetics,Antidiabéticos,A10,89.8,
Finland,FIN,2016,antidiabetics,Antidiabéticos,A10,92.3,
Finland,FIN,2017,antidiabetics,Antidiabéticos,A10,91.7,
Finland,FIN,2018,antidiabetics,Antidiabéticos,A10,95.8,
Finland,FIN,2019,antidiabetics,Antidiabéticos,A10,99.9,
Finland,FIN,2020,antidiabetics,Antidiabéticos,A10,101.8,
Finland,FIN,2021,antidiabetics,Antidiabéticos,A10,105.6,
Finland,FIN,2010,lipid_modifying,Hipolipemiantes,C10,98.6,
Finland,FIN,2011,lipid_modifying,Hipolipemiantes,C10,95.4,
Finland,FIN,2012,lipid_modifying,Hipolipemiantes,C10,98.2,
Finland,FIN,2013,lipid_modifying,Hipolipemiantes,C10,102.2,
Finland,FIN,2014,lipid_modifying,Hipolipemiantes,C10,102.6,
Finland,FIN,2015,lipid_modifying,Hipolipemiantes,C10,105.3,
Finland,FIN,2016,lipid_modifying,Hipolipemiantes,C10,105.8,
Finland,FIN,2017,lipid_modifying,Hipolipemiantes,C10,112.6,
Finland,FIN,2018,lipid_modifying,Hipolipemiantes,C10,120.6,
Finland,FIN,2019,lipid_modifying,Hipolipemiantes,C10,133.2,
Finland,FIN,2020,lipid_modifying,Hipolipemiantes,C10,147.7,
Finland,FIN,2021,lipid_modifying,Hipolipemiantes,C10,167.3,
France,FRA,2010,antihypertensives,Anti-hipertensivos (composição OECD),C02+C03+C07+C08+C09,323.79999999999995,B
France,FRA,2011,antihypertensives,Anti-hipertensivos (composição OECD),C02+C03+C07+C08+C09,326.1,
France,FRA,2012,antihypertensives,Anti-hipertensivos (composição OECD),C02+C03+C07+C08+C09,329.0,
France,FRA,2013,antihypertensives,Anti-hipertensivos (composição OECD),C02+C03+C07+C08+C09,330.6,
France,FRA,2014,antihypertensives,Anti-hipertensivos (composição OECD),C02+C03+C07+C08+C09,326.29999999999995,
France,FRA,2015,antihypertensives,Anti-hipertensivos (composição OECD),C02+C03+C07+C08+C09,328.5,
France,FRA,2016,antihypertensives,Anti-hipertensivos (composição OECD),C02+C03+C07+C08+C09,334.0,
France,FRA,2017,antihypertensives,Anti-hipertensivos (composição OECD),C02+C03+C07+C08+C09,332.6,
France,FRA,2018,antihypertensives,Anti-hipertensivos (composição OECD),C02+C03+C07+C08+C09,327.1,
France,FRA,2019,antihypertensives,Anti-hipertensivos (composição OECD),C02+C03+C07+C08+C09,347.7,
France,FRA,2020,antihypertensives,Anti-hipertensivos (composição OECD),C02+C03+C07+C08+C09,341.8,
France,FRA,2021,antihypertensives,Anti-hipertensivos (composição OECD),C02+C03+C07+C08+C09,349.1,
France,FRA,2022,antihypertensives,Anti-hipertensivos (composição OECD),C02+C03+C07+C08+C09,350.3,
France,FRA,2010,antidepressants,Antidepressivos,N06A,53.4,B
France,FRA,2011,antidepressants,Antidepressivos,N06A,51.7,
France,FRA,2012,antidepressants,Antidepressivos,N06A,52.0,
France,FRA,2013,antidepressants,Antidepressivos,N06A,51.8,
France,FRA,2014,antidepressants,Antidepressivos,N06A,51.8,
France,FRA,2015,antidepressants,Antidepressivos,N06A,51.6,
France,FRA,2016,antidepressants,Antidepressivos,N06A,51.7,
France,FRA,2017,antidepressants,Antidepressivos,N06A,51.3,
France,FRA,2018,antidepressants,Antidepressivos,N06A,51.5,
France,FRA,2019,antidepressants,Antidepressivos,N06A,54.4,
France,FRA,2020,antidepressants,Antidepressivos,N06A,54.5,
France,FRA,2021,antidepressants,Antidepressivos,N06A,57.6,
France,FRA,2022,antidepressants,Antidepressivos,N06A,61.1,
France,FRA,2010,antidiabetics,Antidiabéticos,A10,72.9,B
France,FRA,2011,antidiabetics,Antidiabéticos,A10,74.5,
France,FRA,2012,antidiabetics,Antidiabéticos,A10,80.2,
France,FRA,2013,antidiabetics,Antidiabéticos,A10,81.6,
France,FRA,2014,antidiabetics,Antidiabéticos,A10,81.3,
France,FRA,2015,antidiabetics,Antidiabéticos,A10,82.4,
France,FRA,2016,antidiabetics,Antidiabéticos,A10,84.5,
France,FRA,2017,antidiabetics,Antidiabéticos,A10,84.0,
France,FRA,2018,antidiabetics,Antidiabéticos,A10,84.8,
France,FRA,2019,antidiabetics,Antidiabéticos,A10,86.9,
France,FRA,2020,antidiabetics,Antidiabéticos,A10,85.6,
France,FRA,2021,antidiabetics,Antidiabéticos,A10,87.4,
France,FRA,2022,antidiabetics,Antidiabéticos,A10,93.8,
France,FRA,2010,lipid_modifying,Hipolipemiantes,C10,90.6,B
France,FRA,2011,lipid_modifying,Hipolipemiantes,C10,97.9,
France,FRA,2012,lipid_modifying,Hipolipemiantes,C10,102.8,
France,FRA,2013,lipid_modifying,Hipolipemiantes,C10,94.6,
France,FRA,2014,lipid_modifying,Hipolipemiantes,C10,93.4,
France,FRA,2015,lipid_modifying,Hipolipemiantes,C10,93.4,
France,FRA,2016,lipid_modifying,Hipolipemiantes,C10,92.4,
France,FRA,2017,lipid_modifying,Hipolipemiantes,C10,90.8,
France,FRA,2018,lipid_modifying,Hipolipemiantes,C10,90.9,
France,FRA,2019,lipid_modifying,Hipolipemiantes,C10,95.8,
France,FRA,2020,lipid_modifying,Hipolipemiantes,C10,94.0,
France,FRA,2021,lipid_modifying,Hipolipemiantes,C10,100.9,
France,FRA,2022,lipid_modifying,Hipolipemiantes,C10,109.5,
United Kingdom,GBR,2010,antihypertensives,Anti-hipertensivos (composição OECD),C02+C03+C07+C08+C09,373.3,D
United Kingdom,GBR,2011,antihypertensives,Anti-hipertensivos (composição OECD),C02+C03+C07+C08+C09,373.7,D
United Kingdom,GBR,2012,antihypertensives,Anti-hipertensivos (composição OECD),C02+C03+C07+C08+C09,377.8,D
United Kingdom,GBR,2013,antihypertensives,Anti-hipertensivos (composição OECD),C02+C03+C07+C08+C09,380.2,B;D
United Kingdom,GBR,2014,antihypertensives,Anti-hipertensivos (composição OECD),C02+C03+C07+C08+C09,381.7,D
United Kingdom,GBR,2015,antihypertensives,Anti-hipertensivos (composição OECD),C02+C03+C07+C08+C09,380.4,D
United Kingdom,GBR,2016,antihypertensives,Anti-hipertensivos (composição OECD),C02+C03+C07+C08+C09,379.0,D
United Kingdom,GBR,2017,antihypertensives,Anti-hipertensivos (composição OECD),C02+C03+C07+C08+C09,377.7,D
United Kingdom,GBR,2018,antihypertensives,Anti-hipertensivos (composição OECD),C02+C03+C07+C08+C09,379.3,D;E
United Kingdom,GBR,2019,antihypertensives,Anti-hipertensivos (composição OECD),C02+C03+C07+C08+C09,381.5,D;E
United Kingdom,GBR,2020,antihypertensives,Anti-hipertensivos (composição OECD),C02+C03+C07+C08+C09,383.9,D;E
United Kingdom,GBR,2021,antihypertensives,Anti-hipertensivos (composição OECD),C02+C03+C07+C08+C09,380.3,D;E
United Kingdom,GBR,2022,antihypertensives,Anti-hipertensivos (composição OECD),C02+C03+C07+C08+C09,382.5,D;E
United Kingdom,GBR,2010,antidepressants,Antidepressivos,N06A,65.9,D
United Kingdom,GBR,2011,antidepressants,Antidepressivos,N06A,70.7,D
United Kingdom,GBR,2012,antidepressants,Antidepressivos,N06A,75.0,D
United Kingdom,GBR,2013,antidepressants,Antidepressivos,N06A,82.3,B;D
United Kingdom,GBR,2014,antidepressants,Antidepressivos,N06A,87.8,D
United Kingdom,GBR,2015,antidepressants,Antidepressivos,N06A,94.2,D
United Kingdom,GBR,2016,antidepressants,Antidepressivos,N06A,100.1,D
United Kingdom,GBR,2017,antidepressants,Antidepressivos,N06A,107.9,D
United Kingdom,GBR,2018,antidepressants,Antidepressivos,N06A,116.5,D;E
United Kingdom,GBR,2019,antidepressants,Antidepressivos,N06A,123.9,D;E
United Kingdom,GBR,2020,antidepressants,Antidepressivos,N06A,131.7,D;E
United Kingdom,GBR,2021,antidepressants,Antidepressivos,N06A,138.2,D;E
United Kingdom,GBR,2022,antidepressants,Antidepressivos,N06A,135.6,D;E
United Kingdom,GBR,2010,antidiabetics,Antidiabéticos,A10,74.9,D
United Kingdom,GBR,2011,antidiabetics,Antidiabéticos,A10,77.8,D
United Kingdom,GBR,2012,antidiabetics,Antidiabéticos,A10,79.9,D
United Kingdom,GBR,2013,antidiabetics,Antidiabéticos,A10,82.3,B;D
United Kingdom,GBR,2014,antidiabetics,Antidiabéticos,A10,83.6,D
United Kingdom,GBR,2015,antidiabetics,Antidiabéticos,A10,84.7,D
United Kingdom,GBR,2016,antidiabetics,Antidiabéticos,A10,85.3,D
United Kingdom,GBR,2017,antidiabetics,Antidiabéticos,A10,84.5,D
United Kingdom,GBR,2018,antidiabetics,Antidiabéticos,A10,72.1,D;E
United Kingdom,GBR,2019,antidiabetics,Antidiabéticos,A10,74.2,D;E
United Kingdom,GBR,2020,antidiabetics,Antidiabéticos,A10,74.3,D;E
United Kingdom,GBR,2021,antidiabetics,Antidiabéticos,A10,90.0,D;E
United Kingdom,GBR,2022,antidiabetics,Antidiabéticos,A10,96.7,D;E
United Kingdom,GBR,2010,lipid_modifying,Hipolipemiantes,C10,127.1,D
United Kingdom,GBR,2011,lipid_modifying,Hipolipemiantes,C10,129.6,D
United Kingdom,GBR,2012,lipid_modifying,Hipolipemiantes,C10,134.2,D
United Kingdom,GBR,2013,lipid_modifying,Hipolipemiantes,C10,134.7,B;D
United Kingdom,GBR,2014,lipid_modifying,Hipolipemiantes,C10,136.4,D
United Kingdom,GBR,2015,lipid_modifying,Hipolipemiantes,C10,139.0,D
United Kingdom,GBR,2016,lipid_modifying,Hipolipemiantes,C10,141.8,D
United Kingdom,GBR,2017,lipid_modifying,Hipolipemiantes,C10,149.0,D
United Kingdom,GBR,2018,lipid_modifying,Hipolipemiantes,C10,156.2,D;E
United Kingdom,GBR,2019,lipid_modifying,Hipolipemiantes,C10,162.0,D;E
United Kingdom,GBR,2020,lipid_modifying,Hipolipemiantes,C10,168.6,D;E
United Kingdom,GBR,2021,lipid_modifying,Hipolipemiantes,C10,173.8,D;E
United Kingdom,GBR,2022,lipid_modifying,Hipolipemiantes,C10,181.4,D;E
Greece,GRC,2013,antihypertensives,Anti-hipertensivos (composição OECD),C02+C03+C07+C08+C09,296.1,B;D
Greece,GRC,2014,antihypertensives,Anti-hipertensivos (composição OECD),C02+C03+C07+C08+C09,285.0,D
Greece,GRC,2015,antihypertensives,Anti-hipertensivos (composição OECD),C02+C03+C07+C08+C09,290.5,D
Greece,GRC,2017,antihypertensives,Anti-hipertensivos (composição OECD),C02+C03+C07+C08+C09,303.8,D
Greece,GRC,2018,antihypertensives,Anti-hipertensivos (composição OECD),C02+C03+C07+C08+C09,303.1,D
Greece,GRC,2019,antihypertensives,Anti-hipertensivos (composição OECD),C02+C03+C07+C08+C09,303.1,D
Greece,GRC,2020,antihypertensives,Anti-hipertensivos (composição OECD),C02+C03+C07+C08+C09,310.4,D
Greece,GRC,2021,antihypertensives,Anti-hipertensivos (composição OECD),C02+C03+C07+C08+C09,303.70000000000005,D
Greece,GRC,2022,antihypertensives,Anti-hipertensivos (composição OECD),C02+C03+C07+C08+C09,299.6,D
Greece,GRC,2023,antihypertensives,Anti-hipertensivos (composição OECD),C02+C03+C07+C08+C09,297.5,D
Greece,GRC,2013,antidepressants,Antidepressivos,N06A,44.7,B;D
Greece,GRC,2014,antidepressants,Antidepressivos,N06A,44.6,D
Greece,GRC,2015,antidepressants,Antidepressivos,N06A,48.1,D
Greece,GRC,2017,antidepressants,Antidepressivos,N06A,55.1,D
Greece,GRC,2018,antidepressants,Antidepressivos,N06A,58.0,D
Greece,GRC,2019,antidepressants,Antidepressivos,N06A,61.0,D
Greece,GRC,2020,antidepressants,Antidepressivos,N06A,65.8,D
Greece,GRC,2021,antidepressants,Antidepressivos,N06A,70.6,D
Greece,GRC,2022,antidepressants,Antidepressivos,N06A,73.1,D
Greece,GRC,2023,antidepressants,Antidepressivos,N06A,76.5,D
Greece,GRC,2013,antidiabetics,Antidiabéticos,A10,85.0,B;D
Greece,GRC,2014,antidiabetics,Antidiabéticos,A10,83.3,D
Greece,GRC,2015,antidiabetics,Antidiabéticos,A10,86.2,D
Greece,GRC,2017,antidiabetics,Antidiabéticos,A10,80.7,D
Greece,GRC,2018,antidiabetics,Antidiabéticos,A10,81.9,D
Greece,GRC,2019,antidiabetics,Antidiabéticos,A10,83.7,D
Greece,GRC,2020,antidiabetics,Antidiabéticos,A10,88.1,D
Greece,GRC,2021,antidiabetics,Antidiabéticos,A10,100.9,D
Greece,GRC,2022,antidiabetics,Antidiabéticos,A10,98.4,D
Greece,GRC,2023,antidiabetics,Antidiabéticos,A10,103.2,D
Greece,GRC,2013,lipid_modifying,Hipolipemiantes,C10,102.9,B;D
Greece,GRC,2014,lipid_modifying,Hipolipemiantes,C10,99.0,D
Greece,GRC,2015,lipid_modifying,Hipolipemiantes,C10,104.6,D
Greece,GRC,2017,lipid_modifying,Hipolipemiantes,C10,116.0,D
Greece,GRC,2018,lipid_modifying,Hipolipemiantes,C10,123.7,D
Greece,GRC,2019,lipid_modifying,Hipolipemiantes,C10,131.0,D
Greece,GRC,2020,lipid_modifying,Hipolipemiantes,C10,141.9,D
Greece,GRC,2021,lipid_modifying,Hipolipemiantes,C10,150.9,D
Greece,GRC,2022,lipid_modifying,Hipolipemiantes,C10,165.4,D
Greece,GRC,2023,lipid_modifying,Hipolipemiantes,C10,175.8,D
Croatia,HRV,2010,antihypertensives,Anti-hipertensivos (composição OECD),C02+C03+C07+C08+C09,258.2,
Croatia,HRV,2011,antihypertensives,Anti-hipertensivos (composição OECD),C02+C03+C07+C08+C09,256.8,
Croatia,HRV,2012,antihypertensives,Anti-hipertensivos (composição OECD),C02+C03+C07+C08+C09,270.0,
Croatia,HRV,2013,antihypertensives,Anti-hipertensivos (composição OECD),C02+C03+C07+C08+C09,276.6,
Croatia,HRV,2014,antihypertensives,Anti-hipertensivos (composição OECD),C02+C03+C07+C08+C09,285.0,
Croatia,HRV,2015,antihypertensives,Anti-hipertensivos (composição OECD),C02+C03+C07+C08+C09,287.29999999999995,
Croatia,HRV,2016,antihypertensives,Anti-hipertensivos (composição OECD),C02+C03+C07+C08+C09,290.8,
Croatia,HRV,2017,antihypertensives,Anti-hipertensivos (composição OECD),C02+C03+C07+C08+C09,290.0,
Croatia,HRV,2018,antihypertensives,Anti-hipertensivos (composição OECD),C02+C03+C07+C08+C09,284.1,
Croatia,HRV,2019,antihypertensives,Anti-hipertensivos (composição OECD),C02+C03+C07+C08+C09,389.2,
Croatia,HRV,2020,antihypertensives,Anti-hipertensivos (composição OECD),C02+C03+C07+C08+C09,396.8,
Croatia,HRV,2021,antihypertensives,Anti-hipertensivos (composição OECD),C02+C03+C07+C08+C09,406.5,
Croatia,HRV,2010,antidepressants,Antidepressivos,N06A,23.2,
Croatia,HRV,2011,antidepressants,Antidepressivos,N06A,24.6,
Croatia,HRV,2012,antidepressants,Antidepressivos,N06A,25.2,
Croatia,HRV,2013,antidepressants,Antidepressivos,N06A,26.7,
Croatia,HRV,2014,antidepressants,Antidepressivos,N06A,27.3,
Croatia,HRV,2015,antidepressants,Antidepressivos,N06A,27.9,
Croatia,HRV,2016,antidepressants,Antidepressivos,N06A,29.4,
Croatia,HRV,2017,antidepressants,Antidepressivos,N06A,30.5,
Croatia,HRV,2018,antidepressants,Antidepressivos,N06A,32.6,
Croatia,HRV,2019,antidepressants,Antidepressivos,N06A,33.9,
Croatia,HRV,2020,antidepressants,Antidepressivos,N06A,35.1,
Croatia,HRV,2021,antidepressants,Antidepressivos,N06A,37.1,
Croatia,HRV,2010,antidiabetics,Antidiabéticos,A10,49.9,
Croatia,HRV,2011,antidiabetics,Antidiabéticos,A10,58.7,
Croatia,HRV,2012,antidiabetics,Antidiabéticos,A10,59.4,
Croatia,HRV,2013,antidiabetics,Antidiabéticos,A10,62.5,
Croatia,HRV,2014,antidiabetics,Antidiabéticos,A10,63.3,
Croatia,HRV,2015,antidiabetics,Antidiabéticos,A10,64.9,
Croatia,HRV,2016,antidiabetics,Antidiabéticos,A10,67.6,
Croatia,HRV,2017,antidiabetics,Antidiabéticos,A10,66.9,
Croatia,HRV,2018,antidiabetics,Antidiabéticos,A10,69.2,
Croatia,HRV,2019,antidiabetics,Antidiabéticos,A10,77.8,
Croatia,HRV,2020,antidiabetics,Antidiabéticos,A10,79.5,
Croatia,HRV,2021,antidiabetics,Antidiabéticos,A10,75.5,
Croatia,HRV,2010,lipid_modifying,Hipolipemiantes,C10,83.5,
Croatia,HRV,2011,lipid_modifying,Hipolipemiantes,C10,48.6,
Croatia,HRV,2012,lipid_modifying,Hipolipemiantes,C10,52.2,
Croatia,HRV,2013,lipid_modifying,Hipolipemiantes,C10,53.5,
Croatia,HRV,2014,lipid_modifying,Hipolipemiantes,C10,61.8,
Croatia,HRV,2015,lipid_modifying,Hipolipemiantes,C10,61.8,
Croatia,HRV,2016,lipid_modifying,Hipolipemiantes,C10,67.9,
Croatia,HRV,2017,lipid_modifying,Hipolipemiantes,C10,71.4,
Croatia,HRV,2018,lipid_modifying,Hipolipemiantes,C10,79.5,
Croatia,HRV,2019,lipid_modifying,Hipolipemiantes,C10,89.2,
Croatia,HRV,2020,lipid_modifying,Hipolipemiantes,C10,97.5,
Croatia,HRV,2021,lipid_modifying,Hipolipemiantes,C10,110.2,
Hungary,HUN,2010,antihypertensives,Anti-hipertensivos (composição OECD),C02+C03+C07+C08+C09,524.0,D
Hungary,HUN,2011,antihypertensives,Anti-hipertensivos (composição OECD),C02+C03+C07+C08+C09,539.5,D
Hungary,HUN,2012,antihypertensives,Anti-hipertensivos (composição OECD),C02+C03+C07+C08+C09,534.3,D
Hungary,HUN,2013,antihypertensives,Anti-hipertensivos (composição OECD),C02+C03+C07+C08+C09,543.1,D
Hungary,HUN,2014,antihypertensives,Anti-hipertensivos (composição OECD),C02+C03+C07+C08+C09,552.3,D
Hungary,HUN,2015,antihypertensives,Anti-hipertensivos (composição OECD),C02+C03+C07+C08+C09,557.2,D
Hungary,HUN,2016,antihypertensives,Anti-hipertensivos (composição OECD),C02+C03+C07+C08+C09,557.7,D
Hungary,HUN,2017,antihypertensives,Anti-hipertensivos (composição OECD),C02+C03+C07+C08+C09,559.7,D
Hungary,HUN,2018,antihypertensives,Anti-hipertensivos (composição OECD),C02+C03+C07+C08+C09,562.5999999999999,D
Hungary,HUN,2019,antihypertensives,Anti-hipertensivos (composição OECD),C02+C03+C07+C08+C09,565.8,D
Hungary,HUN,2020,antihypertensives,Anti-hipertensivos (composição OECD),C02+C03+C07+C08+C09,587.8,D
Hungary,HUN,2021,antihypertensives,Anti-hipertensivos (composição OECD),C02+C03+C07+C08+C09,562.3,D
Hungary,HUN,2022,antihypertensives,Anti-hipertensivos (composição OECD),C02+C03+C07+C08+C09,560.4000000000001,D
Hungary,HUN,2023,antihypertensives,Anti-hipertensivos (composição OECD),C02+C03+C07+C08+C09,549.3,D
Hungary,HUN,2010,antidepressants,Antidepressivos,N06A,26.4,D
Hungary,HUN,2011,antidepressants,Antidepressivos,N06A,27.3,D
Hungary,HUN,2012,antidepressants,Antidepressivos,N06A,26.8,D
Hungary,HUN,2013,antidepressants,Antidepressivos,N06A,27.5,D
Hungary,HUN,2014,antidepressants,Antidepressivos,N06A,27.7,D
Hungary,HUN,2015,antidepressants,Antidepressivos,N06A,28.3,D
Hungary,HUN,2016,antidepressants,Antidepressivos,N06A,28.4,D
Hungary,HUN,2017,antidepressants,Antidepressivos,N06A,28.8,D
Hungary,HUN,2018,antidepressants,Antidepressivos,N06A,29.3,D
Hungary,HUN,2019,antidepressants,Antidepressivos,N06A,29.5,D
Hungary,HUN,2020,antidepressants,Antidepressivos,N06A,30.4,D
Hungary,HUN,2021,antidepressants,Antidepressivos,N06A,29.8,D
Hungary,HUN,2022,antidepressants,Antidepressivos,N06A,30.3,D
Hungary,HUN,2023,antidepressants,Antidepressivos,N06A,30.5,D
Hungary,HUN,2010,antidiabetics,Antidiabéticos,A10,70.7,D
Hungary,HUN,2011,antidiabetics,Antidiabéticos,A10,74.5,D
Hungary,HUN,2012,antidiabetics,Antidiabéticos,A10,75.3,D
Hungary,HUN,2013,antidiabetics,Antidiabéticos,A10,77.5,D
Hungary,HUN,2014,antidiabetics,Antidiabéticos,A10,76.2,D
Hungary,HUN,2015,antidiabetics,Antidiabéticos,A10,69.9,D
Hungary,HUN,2016,antidiabetics,Antidiabéticos,A10,72.4,D
Hungary,HUN,2017,antidiabetics,Antidiabéticos,A10,74.2,D
Hungary,HUN,2018,antidiabetics,Antidiabéticos,A10,75.4,D
Hungary,HUN,2019,antidiabetics,Antidiabéticos,A10,77.0,D
Hungary,HUN,2020,antidiabetics,Antidiabéticos,A10,79.2,D
Hungary,HUN,2021,antidiabetics,Antidiabéticos,A10,76.4,D
Hungary,HUN,2022,antidiabetics,Antidiabéticos,A10,75.3,D
Hungary,HUN,2023,antidiabetics,Antidiabéticos,A10,78.4,D
Hungary,HUN,2010,lipid_modifying,Hipolipemiantes,C10,90.5,D
Hungary,HUN,2011,lipid_modifying,Hipolipemiantes,C10,98.0,D
Hungary,HUN,2012,lipid_modifying,Hipolipemiantes,C10,101.5,D
Hungary,HUN,2013,lipid_modifying,Hipolipemiantes,C10,104.8,D
Hungary,HUN,2014,lipid_modifying,Hipolipemiantes,C10,104.3,D
Hungary,HUN,2015,lipid_modifying,Hipolipemiantes,C10,107.6,D
Hungary,HUN,2016,lipid_modifying,Hipolipemiantes,C10,108.5,D
Hungary,HUN,2017,lipid_modifying,Hipolipemiantes,C10,109.0,D
Hungary,HUN,2018,lipid_modifying,Hipolipemiantes,C10,110.1,D
Hungary,HUN,2019,lipid_modifying,Hipolipemiantes,C10,111.8,D
Hungary,HUN,2020,lipid_modifying,Hipolipemiantes,C10,118.4,D
Hungary,HUN,2021,lipid_modifying,Hipolipemiantes,C10,115.6,D
Hungary,HUN,2022,lipid_modifying,Hipolipemiantes,C10,120.0,D
Hungary,HUN,2023,lipid_modifying,Hipolipemiantes,C10,124.9,D
Iceland,ISL,2010,antihypertensives,Anti-hipertensivos (composição OECD),C02+C03+C07+C08+C09,258.1,
Iceland,ISL,2011,antihypertensives,Anti-hipertensivos (composição OECD),C02+C03+C07+C08+C09,265.1,B;D
Iceland,ISL,2012,antihypertensives,Anti-hipertensivos (composição OECD),C02+C03+C07+C08+C09,264.20000000000005,D
Iceland,ISL,2013,antihypertensives,Anti-hipertensivos (composição OECD),C02+C03+C07+C08+C09,266.3,D
Iceland,ISL,2014,antihypertensives,Anti-hipertensivos (composição OECD),C02+C03+C07+C08+C09,262.1,D
Iceland,ISL,2015,antihypertensives,Anti-hipertensivos (composição OECD),C02+C03+C07+C08+C09,265.3,D
Iceland,ISL,2016,antihypertensives,Anti-hipertensivos (composição OECD),C02+C03+C07+C08+C09,268.8,D
Iceland,ISL,2017,antihypertensives,Anti-hipertensivos (composição OECD),C02+C03+C07+C08+C09,268.0,D
Iceland,ISL,2018,antihypertensives,Anti-hipertensivos (composição OECD),C02+C03+C07+C08+C09,272.0,D
Iceland,ISL,2019,antihypertensives,Anti-hipertensivos (composição OECD),C02+C03+C07+C08+C09,271.70000000000005,D
Iceland,ISL,2020,antihypertensives,Anti-hipertensivos (composição OECD),C02+C03+C07+C08+C09,276.0,D
Iceland,ISL,2021,antihypertensives,Anti-hipertensivos (composição OECD),C02+C03+C07+C08+C09,276.9,D
Iceland,ISL,2022,antihypertensives,Anti-hipertensivos (composição OECD),C02+C03+C07+C08+C09,268.2,D
Iceland,ISL,2023,antihypertensives,Anti-hipertensivos (composição OECD),C02+C03+C07+C08+C09,290.2,D
Iceland,ISL,2010,antidepressants,Antidepressivos,N06A,101.3,
Iceland,ISL,2011,antidepressants,Antidepressivos,N06A,103.8,B;D
Iceland,ISL,2012,antidepressants,Antidepressivos,N06A,106.3,D
Iceland,ISL,2013,antidepressants,Antidepressivos,N06A,113.7,D
Iceland,ISL,2014,antidepressants,Antidepressivos,N06A,115.7,D
Iceland,ISL,2015,antidepressants,Antidepressivos,N06A,125.8,D
Iceland,ISL,2016,antidepressants,Antidepressivos,N06A,133.0,D
Iceland,ISL,2017,antidepressants,Antidepressivos,N06A,138.6,D
Iceland,ISL,2018,antidepressants,Antidepressivos,N06A,142.0,D
Iceland,ISL,2019,antidepressants,Antidepressivos,N06A,146.0,D
Iceland,ISL,2020,antidepressants,Antidepressivos,N06A,153.5,D
Iceland,ISL,2021,antidepressants,Antidepressivos,N06A,161.1,D
Iceland,ISL,2022,antidepressants,Antidepressivos,N06A,157.4,D
Iceland,ISL,2023,antidepressants,Antidepressivos,N06A,164.7,D
Iceland,ISL,2010,antidiabetics,Antidiabéticos,A10,31.7,
Iceland,ISL,2011,antidiabetics,Antidiabéticos,A10,38.1,B;D
Iceland,ISL,2012,antidiabetics,Antidiabéticos,A10,38.9,D
Iceland,ISL,2013,antidiabetics,Antidiabéticos,A10,41.9,D
Iceland,ISL,2014,antidiabetics,Antidiabéticos,A10,42.3,D
Iceland,ISL,2015,antidiabetics,Antidiabéticos,A10,44.9,D
Iceland,ISL,2016,antidiabetics,Antidiabéticos,A10,46.5,D
Iceland,ISL,2017,antidiabetics,Antidiabéticos,A10,47.2,D
Iceland,ISL,2018,antidiabetics,Antidiabéticos,A10,48.0,D
Iceland,ISL,2019,antidiabetics,Antidiabéticos,A10,48.7,D
Iceland,ISL,2020,antidiabetics,Antidiabéticos,A10,56.2,D
Iceland,ISL,2021,antidiabetics,Antidiabéticos,A10,60.3,D
Iceland,ISL,2022,antidiabetics,Antidiabéticos,A10,63.6,D
Iceland,ISL,2023,antidiabetics,Antidiabéticos,A10,77.4,D
Iceland,ISL,2010,lipid_modifying,Hipolipemiantes,C10,71.5,
Iceland,ISL,2011,lipid_modifying,Hipolipemiantes,C10,78.8,B;D
Iceland,ISL,2012,lipid_modifying,Hipolipemiantes,C10,81.6,D
Iceland,ISL,2013,lipid_modifying,Hipolipemiantes,C10,87.2,D
Iceland,ISL,2014,lipid_modifying,Hipolipemiantes,C10,87.0,D
Iceland,ISL,2015,lipid_modifying,Hipolipemiantes,C10,89.8,D
Iceland,ISL,2016,lipid_modifying,Hipolipemiantes,C10,90.3,D
Iceland,ISL,2017,lipid_modifying,Hipolipemiantes,C10,91.6,D
Iceland,ISL,2018,lipid_modifying,Hipolipemiantes,C10,92.2,D
Iceland,ISL,2019,lipid_modifying,Hipolipemiantes,C10,94.1,D
Iceland,ISL,2020,lipid_modifying,Hipolipemiantes,C10,97.7,D
Iceland,ISL,2021,lipid_modifying,Hipolipemiantes,C10,100.1,D
Iceland,ISL,2022,lipid_modifying,Hipolipemiantes,C10,98.4,D
Iceland,ISL,2023,lipid_modifying,Hipolipemiantes,C10,111.0,D
Israel,ISR,2012,antihypertensives,Anti-hipertensivos (composição OECD),C02+C03+C07+C08+C09,164.8,D
Israel,ISR,2014,antihypertensives,Anti-hipertensivos (composição OECD),C02+C03+C07+C08+C09,216.5,D
Israel,ISR,2015,antihypertensives,Anti-hipertensivos (composição OECD),C02+C03+C07+C08+C09,210.2,D
Israel,ISR,2016,antihypertensives,Anti-hipertensivos (composição OECD),C02+C03+C07+C08+C09,212.7,D
Israel,ISR,2017,antihypertensives,Anti-hipertensivos (composição OECD),C02+C03+C07+C08+C09,202.6,D
Israel,ISR,2018,antihypertensives,Anti-hipertensivos (composição OECD),C02+C03+C07+C08+C09,196.2,D
Israel,ISR,2019,antihypertensives,Anti-hipertensivos (composição OECD),C02+C03+C07+C08+C09,194.3,D
Israel,ISR,2020,antihypertensives,Anti-hipertensivos (composição OECD),C02+C03+C07+C08+C09,189.6,D
Israel,ISR,2021,antihypertensives,Anti-hipertensivos (composição OECD),C02+C03+C07+C08+C09,183.1,D
Israel,ISR,2022,antihypertensives,Anti-hipertensivos (composição OECD),C02+C03+C07+C08+C09,185.4,D
Israel,ISR,2023,antihypertensives,Anti-hipertensivos (composição OECD),C02+C03+C07+C08+C09,173.2,D
Israel,ISR,2012,antidepressants,Antidepressivos,N06A,34.3,D
Israel,ISR,2014,antidepressants,Antidepressivos,N06A,42.1,D
Israel,ISR,2015,antidepressants,Antidepressivos,N06A,44.4,D
Israel,ISR,2016,antidepressants,Antidepressivos,N06A,46.7,D
Israel,ISR,2017,antidepressants,Antidepressivos,N06A,49.2,D
Israel,ISR,2018,antidepressants,Antidepressivos,N06A,51.1,D
Israel,ISR,2019,antidepressants,Antidepressivos,N06A,53.8,D
Israel,ISR,2020,antidepressants,Antidepressivos,N06A,55.4,D
Israel,ISR,2021,antidepressants,Antidepressivos,N06A,57.7,D
Israel,ISR,2022,antidepressants,Antidepressivos,N06A,61.8,D
Israel,ISR,2023,antidepressants,Antidepressivos,N06A,65.7,D
Israel,ISR,2012,antidiabetics,Antidiabéticos,A10,36.8,D
Israel,ISR,2014,antidiabetics,Antidiabéticos,A10,55.3,D
Israel,ISR,2015,antidiabetics,Antidiabéticos,A10,59.6,D
Israel,ISR,2016,antidiabetics,Antidiabéticos,A10,62.7,D
Israel,ISR,2017,antidiabetics,Antidiabéticos,A10,64.4,D
Israel,ISR,2018,antidiabetics,Antidiabéticos,A10,62.6,D
Israel,ISR,2019,antidiabetics,Antidiabéticos,A10,61.6,D
Israel,ISR,2020,antidiabetics,Antidiabéticos,A10,59.9,D
Israel,ISR,2021,antidiabetics,Antidiabéticos,A10,60.0,D
Israel,ISR,2022,antidiabetics,Antidiabéticos,A10,66.2,D
Israel,ISR,2023,antidiabetics,Antidiabéticos,A10,68.1,D
Israel,ISR,2012,lipid_modifying,Hipolipemiantes,C10,81.8,D
Israel,ISR,2014,lipid_modifying,Hipolipemiantes,C10,109.3,D
Israel,ISR,2015,lipid_modifying,Hipolipemiantes,C10,112.2,D
Israel,ISR,2016,lipid_modifying,Hipolipemiantes,C10,115.9,D
Israel,ISR,2017,lipid_modifying,Hipolipemiantes,C10,115.0,D
Israel,ISR,2018,lipid_modifying,Hipolipemiantes,C10,115.0,D
Israel,ISR,2019,lipid_modifying,Hipolipemiantes,C10,116.2,D
Israel,ISR,2020,lipid_modifying,Hipolipemiantes,C10,116.0,D
Israel,ISR,2021,lipid_modifying,Hipolipemiantes,C10,117.8,D
Israel,ISR,2022,lipid_modifying,Hipolipemiantes,C10,118.1,D
Israel,ISR,2023,lipid_modifying,Hipolipemiantes,C10,131.0,D
Italy,ITA,2011,antihypertensives,Anti-hipertensivos (composição OECD),C02+C03+C07+C08+C09,374.2,
Italy,ITA,2012,antihypertensives,Anti-hipertensivos (composição OECD),C02+C03+C07+C08+C09,374.4,
Italy,ITA,2013,antihypertensives,Anti-hipertensivos (composição OECD),C02+C03+C07+C08+C09,376.5,
Italy,ITA,2014,antihypertensives,Anti-hipertensivos (composição OECD),C02+C03+C07+C08+C09,375.5,
Italy,ITA,2015,antihypertensives,Anti-hipertensivos (composição OECD),C02+C03+C07+C08+C09,373.7,
Italy,ITA,2016,antihypertensives,Anti-hipertensivos (composição OECD),C02+C03+C07+C08+C09,374.8,
Italy,ITA,2017,antihypertensives,Anti-hipertensivos (composição OECD),C02+C03+C07+C08+C09,372.4,
Italy,ITA,2018,antihypertensives,Anti-hipertensivos (composição OECD),C02+C03+C07+C08+C09,373.2000000000001,
Italy,ITA,2019,antihypertensives,Anti-hipertensivos (composição OECD),C02+C03+C07+C08+C09,378.7,
Italy,ITA,2020,antihypertensives,Anti-hipertensivos (composição OECD),C02+C03+C07+C08+C09,379.9,
Italy,ITA,2021,antihypertensives,Anti-hipertensivos (composição OECD),C02+C03+C07+C08+C09,375.6,
Italy,ITA,2022,antihypertensives,Anti-hipertensivos (composição OECD),C02+C03+C07+C08+C09,373.6,
Italy,ITA,2023,antihypertensives,Anti-hipertensivos (composição OECD),C02+C03+C07+C08+C09,374.1,E
Italy,ITA,2011,antidepressants,Antidepressivos,N06A,38.3,
Italy,ITA,2012,antidepressants,Antidepressivos,N06A,38.6,
Italy,ITA,2013,antidepressants,Antidepressivos,N06A,39.0,
Italy,ITA,2014,antidepressants,Antidepressivos,N06A,39.2,
Italy,ITA,2015,antidepressants,Antidepressivos,N06A,39.6,
Italy,ITA,2016,antidepressants,Antidepressivos,N06A,39.8,
Italy,ITA,2017,antidepressants,Antidepressivos,N06A,40.4,
Italy,ITA,2018,antidepressants,Antidepressivos,N06A,41.6,
Italy,ITA,2019,antidepressants,Antidepressivos,N06A,42.8,
Italy,ITA,2020,antidepressants,Antidepressivos,N06A,43.7,
Italy,ITA,2021,antidepressants,Antidepressivos,N06A,44.6,
Italy,ITA,2022,antidepressants,Antidepressivos,N06A,45.8,
Italy,ITA,2023,antidepressants,Antidepressivos,N06A,47.1,E
Italy,ITA,2011,antidiabetics,Antidiabéticos,A10,61.6,
Italy,ITA,2012,antidiabetics,Antidiabéticos,A10,62.0,
Italy,ITA,2013,antidiabetics,Antidiabéticos,A10,62.4,
Italy,ITA,2014,antidiabetics,Antidiabéticos,A10,61.8,
Italy,ITA,2015,antidiabetics,Antidiabéticos,A10,62.0,
Italy,ITA,2016,antidiabetics,Antidiabéticos,A10,62.2,
Italy,ITA,2017,antidiabetics,Antidiabéticos,A10,62.5,
Italy,ITA,2018,antidiabetics,Antidiabéticos,A10,63.0,
Italy,ITA,2019,antidiabetics,Antidiabéticos,A10,64.1,
Italy,ITA,2020,antidiabetics,Antidiabéticos,A10,65.0,
Italy,ITA,2021,antidiabetics,Antidiabéticos,A10,65.7,
Italy,ITA,2022,antidiabetics,Antidiabéticos,A10,68.4,
Italy,ITA,2023,antidiabetics,Antidiabéticos,A10,71.6,E
Italy,ITA,2011,lipid_modifying,Hipolipemiantes,C10,65.7,
Italy,ITA,2012,lipid_modifying,Hipolipemiantes,C10,71.0,
Italy,ITA,2013,lipid_modifying,Hipolipemiantes,C10,74.7,
Italy,ITA,2014,lipid_modifying,Hipolipemiantes,C10,77.1,
Italy,ITA,2015,lipid_modifying,Hipolipemiantes,C10,79.8,
Italy,ITA,2016,lipid_modifying,Hipolipemiantes,C10,83.1,
Italy,ITA,2017,lipid_modifying,Hipolipemiantes,C10,86.8,
Italy,ITA,2018,lipid_modifying,Hipolipemiantes,C10,90.6,
Italy,ITA,2019,lipid_modifying,Hipolipemiantes,C10,95.7,
Italy,ITA,2020,lipid_modifying,Hipolipemiantes,C10,101.3,
Italy,ITA,2021,lipid_modifying,Hipolipemiantes,C10,106.6,
Italy,ITA,2022,lipid_modifying,Hipolipemiantes,C10,113.8,
Italy,ITA,2023,lipid_modifying,Hipolipemiantes,C10,122.4,E
"Korea, Rep.",KOR,2010,antihypertensives,Anti-hipertensivos (composição OECD),C02+C03+C07+C08+C09,151.1,
"Korea, Rep.",KOR,2011,antihypertensives,Anti-hipertensivos (composição OECD),C02+C03+C07+C08+C09,145.20000000000002,B
"Korea, Rep.",KOR,2012,antihypertensives,Anti-hipertensivos (composição OECD),C02+C03+C07+C08+C09,142.1,
"Korea, Rep.",KOR,2013,antihypertensives,Anti-hipertensivos (composição OECD),C02+C03+C07+C08+C09,141.0,
"Korea, Rep.",KOR,2014,antihypertensives,Anti-hipertensivos (composição OECD),C02+C03+C07+C08+C09,133.0,
"Korea, Rep.",KOR,2015,antihypertensives,Anti-hipertensivos (composição OECD),C02+C03+C07+C08+C09,127.6,
"Korea, Rep.",KOR,2016,antihypertensives,Anti-hipertensivos (composição OECD),C02+C03+C07+C08+C09,121.2,B
"Korea, Rep.",KOR,2017,antihypertensives,Anti-hipertensivos (composição OECD),C02+C03+C07+C08+C09,120.9,
"Korea, Rep.",KOR,2018,antihypertensives,Anti-hipertensivos (composição OECD),C02+C03+C07+C08+C09,121.0,
"Korea, Rep.",KOR,2019,antihypertensives,Anti-hipertensivos (composição OECD),C02+C03+C07+C08+C09,121.1,
"Korea, Rep.",KOR,2020,antihypertensives,Anti-hipertensivos (composição OECD),C02+C03+C07+C08+C09,130.39999999999998,
"Korea, Rep.",KOR,2021,antihypertensives,Anti-hipertensivos (composição OECD),C02+C03+C07+C08+C09,133.6,
"Korea, Rep.",KOR,2022,antihypertensives,Anti-hipertensivos (composição OECD),C02+C03+C07+C08+C09,132.7,
"Korea, Rep.",KOR,2010,antidepressants,Antidepressivos,N06A,11.3,
"Korea, Rep.",KOR,2011,antidepressants,Antidepressivos,N06A,13.8,B
"Korea, Rep.",KOR,2012,antidepressants,Antidepressivos,N06A,15.2,
"Korea, Rep.",KOR,2013,antidepressants,Antidepressivos,N06A,17.0,
"Korea, Rep.",KOR,2014,antidepressants,Antidepressivos,N06A,18.0,
"Korea, Rep.",KOR,2015,antidepressants,Antidepressivos,N06A,20.3,
"Korea, Rep.",KOR,2016,antidepressants,Antidepressivos,N06A,17.2,B
"Korea, Rep.",KOR,2017,antidepressants,Antidepressivos,N06A,18.8,
"Korea, Rep.",KOR,2018,antidepressants,Antidepressivos,N06A,21.0,
"Korea, Rep.",KOR,2019,antidepressants,Antidepressivos,N06A,23.4,
"Korea, Rep.",KOR,2020,antidepressants,Antidepressivos,N06A,27.4,
"Korea, Rep.",KOR,2021,antidepressants,Antidepressivos,N06A,31.1,
"Korea, Rep.",KOR,2022,antidepressants,Antidepressivos,N06A,34.2,
"Korea, Rep.",KOR,2010,antidiabetics,Antidiabéticos,A10,65.5,
"Korea, Rep.",KOR,2011,antidiabetics,Antidiabéticos,A10,64.1,B
"Korea, Rep.",KOR,2012,antidiabetics,Antidiabéticos,A10,64.3,
"Korea, Rep.",KOR,2013,antidiabetics,Antidiabéticos,A10,65.4,
"Korea, Rep.",KOR,2014,antidiabetics,Antidiabéticos,A10,60.8,
"Korea, Rep.",KOR,2015,antidiabetics,Antidiabéticos,A10,61.7,
"Korea, Rep.",KOR,2016,antidiabetics,Antidiabéticos,A10,60.3,B
"Korea, Rep.",KOR,2017,antidiabetics,Antidiabéticos,A10,63.1,
"Korea, Rep.",KOR,2018,antidiabetics,Antidiabéticos,A10,65.2,
"Korea, Rep.",KOR,2019,antidiabetics,Antidiabéticos,A10,67.8,
"Korea, Rep.",KOR,2020,antidiabetics,Antidiabéticos,A10,72.7,
"Korea, Rep.",KOR,2021,antidiabetics,Antidiabéticos,A10,78.5,
"Korea, Rep.",KOR,2022,antidiabetics,Antidiabéticos,A10,81.4,
"Korea, Rep.",KOR,2010,lipid_modifying,Hipolipemiantes,C10,30.5,
"Korea, Rep.",KOR,2011,lipid_modifying,Hipolipemiantes,C10,35.0,B
"Korea, Rep.",KOR,2012,lipid_modifying,Hipolipemiantes,C10,39.4,
"Korea, Rep.",KOR,2013,lipid_modifying,Hipolipemiantes,C10,45.0,
"Korea, Rep.",KOR,2014,lipid_modifying,Hipolipemiantes,C10,52.1,
"Korea, Rep.",KOR,2015,lipid_modifying,Hipolipemiantes,C10,58.8,
"Korea, Rep.",KOR,2016,lipid_modifying,Hipolipemiantes,C10,63.1,B
"Korea, Rep.",KOR,2017,lipid_modifying,Hipolipemiantes,C10,67.4,
"Korea, Rep.",KOR,2018,lipid_modifying,Hipolipemiantes,C10,72.4,
"Korea, Rep.",KOR,2019,lipid_modifying,Hipolipemiantes,C10,75.9,
"Korea, Rep.",KOR,2020,lipid_modifying,Hipolipemiantes,C10,83.6,
"Korea, Rep.",KOR,2021,lipid_modifying,Hipolipemiantes,C10,94.0,
"Korea, Rep.",KOR,2022,lipid_modifying,Hipolipemiantes,C10,97.1,
Lithuania,LTU,2010,antihypertensives,Anti-hipertensivos (composição OECD),C02+C03+C07+C08+C09,305.1,
Lithuania,LTU,2011,antihypertensives,Anti-hipertensivos (composição OECD),C02+C03+C07+C08+C09,318.5,
Lithuania,LTU,2012,antihypertensives,Anti-hipertensivos (composição OECD),C02+C03+C07+C08+C09,357.6,
Lithuania,LTU,2013,antihypertensives,Anti-hipertensivos (composição OECD),C02+C03+C07+C08+C09,369.6,
Lithuania,LTU,2014,antihypertensives,Anti-hipertensivos (composição OECD),C02+C03+C07+C08+C09,378.4,
Lithuania,LTU,2015,antihypertensives,Anti-hipertensivos (composição OECD),C02+C03+C07+C08+C09,368.3,
Lithuania,LTU,2016,antihypertensives,Anti-hipertensivos (composição OECD),C02+C03+C07+C08+C09,364.4,
Lithuania,LTU,2017,antihypertensives,Anti-hipertensivos (composição OECD),C02+C03+C07+C08+C09,371.8,
Lithuania,LTU,2018,antihypertensives,Anti-hipertensivos (composição OECD),C02+C03+C07+C08+C09,367.0,
Lithuania,LTU,2019,antihypertensives,Anti-hipertensivos (composição OECD),C02+C03+C07+C08+C09,389.3,
Lithuania,LTU,2020,antihypertensives,Anti-hipertensivos (composição OECD),C02+C03+C07+C08+C09,400.7,
Lithuania,LTU,2021,antihypertensives,Anti-hipertensivos (composição OECD),C02+C03+C07+C08+C09,388.5,
Lithuania,LTU,2022,antihypertensives,Anti-hipertensivos (composição OECD),C02+C03+C07+C08+C09,393.4,
Lithuania,LTU,2010,antidepressants,Antidepressivos,N06A,19.2,
Lithuania,LTU,2011,antidepressants,Antidepressivos,N06A,20.8,
Lithuania,LTU,2012,antidepressants,Antidepressivos,N06A,23.4,
Lithuania,LTU,2013,antidepressants,Antidepressivos,N06A,24.7,
Lithuania,LTU,2014,antidepressants,Antidepressivos,N06A,25.7,
Lithuania,LTU,2015,antidepressants,Antidepressivos,N06A,27.9,
Lithuania,LTU,2016,antidepressants,Antidepressivos,N06A,29.3,
Lithuania,LTU,2017,antidepressants,Antidepressivos,N06A,32.1,
Lithuania,LTU,2018,antidepressants,Antidepressivos,N06A,31.3,
Lithuania,LTU,2019,antidepressants,Antidepressivos,N06A,35.4,
Lithuania,LTU,2020,antidepressants,Antidepressivos,N06A,36.8,
Lithuania,LTU,2021,antidepressants,Antidepressivos,N06A,37.4,
Lithuania,LTU,2022,antidepressants,Antidepressivos,N06A,40.1,
Lithuania,LTU,2010,antidiabetics,Antidiabéticos,A10,30.1,
Lithuania,LTU,2011,antidiabetics,Antidiabéticos,A10,32.4,
Lithuania,LTU,2012,antidiabetics,Antidiabéticos,A10,37.0,
Lithuania,LTU,2013,antidiabetics,Antidiabéticos,A10,40.6,
Lithuania,LTU,2014,antidiabetics,Antidiabéticos,A10,43.7,
Lithuania,LTU,2015,antidiabetics,Antidiabéticos,A10,44.3,
Lithuania,LTU,2016,antidiabetics,Antidiabéticos,A10,47.8,
Lithuania,LTU,2017,antidiabetics,Antidiabéticos,A10,50.0,
Lithuania,LTU,2018,antidiabetics,Antidiabéticos,A10,53.6,
Lithuania,LTU,2019,antidiabetics,Antidiabéticos,A10,56.7,
Lithuania,LTU,2020,antidiabetics,Antidiabéticos,A10,59.0,
Lithuania,LTU,2021,antidiabetics,Antidiabéticos,A10,58.8,
Lithuania,LTU,2022,antidiabetics,Antidiabéticos,A10,61.3,
Lithuania,LTU,2010,lipid_modifying,Hipolipemiantes,C10,8.0,
Lithuania,LTU,2011,lipid_modifying,Hipolipemiantes,C10,9.9,
Lithuania,LTU,2012,lipid_modifying,Hipolipemiantes,C10,13.2,
Lithuania,LTU,2013,lipid_modifying,Hipolipemiantes,C10,15.3,
Lithuania,LTU,2014,lipid_modifying,Hipolipemiantes,C10,19.7,
Lithuania,LTU,2015,lipid_modifying,Hipolipemiantes,C10,21.8,
Lithuania,LTU,2016,lipid_modifying,Hipolipemiantes,C10,29.6,
Lithuania,LTU,2017,lipid_modifying,Hipolipemiantes,C10,37.9,
Lithuania,LTU,2018,lipid_modifying,Hipolipemiantes,C10,46.5,
Lithuania,LTU,2019,lipid_modifying,Hipolipemiantes,C10,58.9,
Lithuania,LTU,2020,lipid_modifying,Hipolipemiantes,C10,75.9,
Lithuania,LTU,2021,lipid_modifying,Hipolipemiantes,C10,92.8,
Lithuania,LTU,2022,lipid_modifying,Hipolipemiantes,C10,114.9,
Luxembourg,LUX,2010,antihypertensives,Anti-hipertensivos (composição OECD),C02+C03+C07+C08+C09,225.8,D
Luxembourg,LUX,2011,antihypertensives,Anti-hipertensivos (composição OECD),C02+C03+C07+C08+C09,226.5,D
Luxembourg,LUX,2012,antihypertensives,Anti-hipertensivos (composição OECD),C02+C03+C07+C08+C09,224.8,D
Luxembourg,LUX,2013,antihypertensives,Anti-hipertensivos (composição OECD),C02+C03+C07+C08+C09,222.6,D
Luxembourg,LUX,2014,antihypertensives,Anti-hipertensivos (composição OECD),C02+C03+C07+C08+C09,218.5,D
Luxembourg,LUX,2015,antihypertensives,Anti-hipertensivos (composição OECD),C02+C03+C07+C08+C09,214.8,D
Luxembourg,LUX,2016,antihypertensives,Anti-hipertensivos (composição OECD),C02+C03+C07+C08+C09,211.5,D
Luxembourg,LUX,2017,antihypertensives,Anti-hipertensivos (composição OECD),C02+C03+C07+C08+C09,204.5,D
Luxembourg,LUX,2018,antihypertensives,Anti-hipertensivos (composição OECD),C02+C03+C07+C08+C09,202.6,D
Luxembourg,LUX,2019,antihypertensives,Anti-hipertensivos (composição OECD),C02+C03+C07+C08+C09,204.1,D
Luxembourg,LUX,2020,antihypertensives,Anti-hipertensivos (composição OECD),C02+C03+C07+C08+C09,194.4,D
Luxembourg,LUX,2022,antihypertensives,Anti-hipertensivos (composição OECD),C02+C03+C07+C08+C09,171.5,D;P
Luxembourg,LUX,2010,antidepressants,Antidepressivos,N06A,50.1,D
Luxembourg,LUX,2011,antidepressants,Antidepressivos,N06A,51.4,D
Luxembourg,LUX,2012,antidepressants,Antidepressivos,N06A,52.0,D
Luxembourg,LUX,2013,antidepressants,Antidepressivos,N06A,53.4,D
Luxembourg,LUX,2014,antidepressants,Antidepressivos,N06A,56.0,D
Luxembourg,LUX,2015,antidepressants,Antidepressivos,N06A,53.7,D
Luxembourg,LUX,2016,antidepressants,Antidepressivos,N06A,54.2,D
Luxembourg,LUX,2017,antidepressants,Antidepressivos,N06A,53.0,D
Luxembourg,LUX,2018,antidepressants,Antidepressivos,N06A,52.9,D
Luxembourg,LUX,2019,antidepressants,Antidepressivos,N06A,54.9,D
Luxembourg,LUX,2020,antidepressants,Antidepressivos,N06A,55.3,D
Luxembourg,LUX,2022,antidepressants,Antidepressivos,N06A,53.1,D;P
Luxembourg,LUX,2010,antidiabetics,Antidiabéticos,A10,63.8,D
Luxembourg,LUX,2011,antidiabetics,Antidiabéticos,A10,64.0,D
Luxembourg,LUX,2012,antidiabetics,Antidiabéticos,A10,63.4,D
Luxembourg,LUX,2013,antidiabetics,Antidiabéticos,A10,64.0,D
Luxembourg,LUX,2014,antidiabetics,Antidiabéticos,A10,64.6,D
Luxembourg,LUX,2015,antidiabetics,Antidiabéticos,A10,65.2,D
Luxembourg,LUX,2016,antidiabetics,Antidiabéticos,A10,64.9,D
Luxembourg,LUX,2017,antidiabetics,Antidiabéticos,A10,64.2,D
Luxembourg,LUX,2018,antidiabetics,Antidiabéticos,A10,64.0,D
Luxembourg,LUX,2019,antidiabetics,Antidiabéticos,A10,65.1,D
Luxembourg,LUX,2020,antidiabetics,Antidiabéticos,A10,64.5,D
Luxembourg,LUX,2022,antidiabetics,Antidiabéticos,A10,60.0,D;P
Luxembourg,LUX,2010,lipid_modifying,Hipolipemiantes,C10,103.1,D
Luxembourg,LUX,2011,lipid_modifying,Hipolipemiantes,C10,111.7,D
Luxembourg,LUX,2012,lipid_modifying,Hipolipemiantes,C10,116.3,D
Luxembourg,LUX,2013,lipid_modifying,Hipolipemiantes,C10,116.4,D
Luxembourg,LUX,2014,lipid_modifying,Hipolipemiantes,C10,116.3,D
Luxembourg,LUX,2015,lipid_modifying,Hipolipemiantes,C10,117.3,D
Luxembourg,LUX,2016,lipid_modifying,Hipolipemiantes,C10,113.5,D
Luxembourg,LUX,2017,lipid_modifying,Hipolipemiantes,C10,107.6,D
Luxembourg,LUX,2018,lipid_modifying,Hipolipemiantes,C10,104.1,D
Luxembourg,LUX,2019,lipid_modifying,Hipolipemiantes,C10,104.3,D
Luxembourg,LUX,2020,lipid_modifying,Hipolipemiantes,C10,103.5,D
Luxembourg,LUX,2022,lipid_modifying,Hipolipemiantes,C10,99.4,D;P
Latvia,LVA,2012,antihypertensives,Anti-hipertensivos (composição OECD),C02+C03+C07+C08+C09,183.2,
Latvia,LVA,2013,antihypertensives,Anti-hipertensivos (composição OECD),C02+C03+C07+C08+C09,189.5,
Latvia,LVA,2014,antihypertensives,Anti-hipertensivos (composição OECD),C02+C03+C07+C08+C09,191.8,
Latvia,LVA,2015,antihypertensives,Anti-hipertensivos (composição OECD),C02+C03+C07+C08+C09,189.7,
Latvia,LVA,2016,antihypertensives,Anti-hipertensivos (composição OECD),C02+C03+C07+C08+C09,186.9,
Latvia,LVA,2017,antihypertensives,Anti-hipertensivos (composição OECD),C02+C03+C07+C08+C09,189.3,
Latvia,LVA,2018,antihypertensives,Anti-hipertensivos (composição OECD),C02+C03+C07+C08+C09,186.0,
Latvia,LVA,2019,antihypertensives,Anti-hipertensivos (composição OECD),C02+C03+C07+C08+C09,190.2,
Latvia,LVA,2020,antihypertensives,Anti-hipertensivos (composição OECD),C02+C03+C07+C08+C09,203.1,
Latvia,LVA,2021,antihypertensives,Anti-hipertensivos (composição OECD),C02+C03+C07+C08+C09,196.3,
Latvia,LVA,2022,antihypertensives,Anti-hipertensivos (composição OECD),C02+C03+C07+C08+C09,195.1,
Latvia,LVA,2023,antihypertensives,Anti-hipertensivos (composição OECD),C02+C03+C07+C08+C09,194.1,
Latvia,LVA,2012,antidepressants,Antidepressivos,N06A,9.5,
Latvia,LVA,2013,antidepressants,Antidepressivos,N06A,10.2,
Latvia,LVA,2014,antidepressants,Antidepressivos,N06A,11.1,
Latvia,LVA,2015,antidepressants,Antidepressivos,N06A,12.3,
Latvia,LVA,2016,antidepressants,Antidepressivos,N06A,13.3,
Latvia,LVA,2017,antidepressants,Antidepressivos,N06A,15.0,
Latvia,LVA,2018,antidepressants,Antidepressivos,N06A,16.1,
Latvia,LVA,2019,antidepressants,Antidepressivos,N06A,17.6,
Latvia,LVA,2020,antidepressants,Antidepressivos,N06A,19.8,
Latvia,LVA,2021,antidepressants,Antidepressivos,N06A,21.5,
Latvia,LVA,2022,antidepressants,Antidepressivos,N06A,24.2,
Latvia,LVA,2023,antidepressants,Antidepressivos,N06A,26.3,
Latvia,LVA,2012,antidiabetics,Antidiabéticos,A10,40.2,
Latvia,LVA,2013,antidiabetics,Antidiabéticos,A10,41.5,
Latvia,LVA,2014,antidiabetics,Antidiabéticos,A10,42.4,
Latvia,LVA,2015,antidiabetics,Antidiabéticos,A10,43.8,
Latvia,LVA,2016,antidiabetics,Antidiabéticos,A10,43.6,
Latvia,LVA,2017,antidiabetics,Antidiabéticos,A10,45.5,
Latvia,LVA,2018,antidiabetics,Antidiabéticos,A10,46.7,
Latvia,LVA,2019,antidiabetics,Antidiabéticos,A10,48.1,
Latvia,LVA,2020,antidiabetics,Antidiabéticos,A10,50.5,
Latvia,LVA,2021,antidiabetics,Antidiabéticos,A10,50.0,
Latvia,LVA,2022,antidiabetics,Antidiabéticos,A10,51.4,
Latvia,LVA,2023,antidiabetics,Antidiabéticos,A10,53.2,
Latvia,LVA,2012,lipid_modifying,Hipolipemiantes,C10,41.6,
Latvia,LVA,2013,lipid_modifying,Hipolipemiantes,C10,51.8,
Latvia,LVA,2014,lipid_modifying,Hipolipemiantes,C10,56.3,
Latvia,LVA,2015,lipid_modifying,Hipolipemiantes,C10,62.5,
Latvia,LVA,2016,lipid_modifying,Hipolipemiantes,C10,67.8,
Latvia,LVA,2017,lipid_modifying,Hipolipemiantes,C10,79.4,
Latvia,LVA,2018,lipid_modifying,Hipolipemiantes,C10,84.5,
Latvia,LVA,2019,lipid_modifying,Hipolipemiantes,C10,92.1,
Latvia,LVA,2020,lipid_modifying,Hipolipemiantes,C10,101.9,
Latvia,LVA,2021,lipid_modifying,Hipolipemiantes,C10,108.7,
Latvia,LVA,2022,lipid_modifying,Hipolipemiantes,C10,111.6,
Latvia,LVA,2023,lipid_modifying,Hipolipemiantes,C10,113.9,
Netherlands,NLD,2010,antihypertensives,Anti-hipertensivos (composição OECD),C02+C03+C07+C08+C09,292.2,D
Netherlands,NLD,2011,antihypertensives,Anti-hipertensivos (composição OECD),C02+C03+C07+C08+C09,298.2,D
Netherlands,NLD,2012,antihypertensives,Anti-hipertensivos (composição OECD),C02+C03+C07+C08+C09,304.0,D
Netherlands,NLD,2013,antihypertensives,Anti-hipertensivos (composição OECD),C02+C03+C07+C08+C09,303.9,D
Netherlands,NLD,2014,antihypertensives,Anti-hipertensivos (composição OECD),C02+C03+C07+C08+C09,302.9,D
Netherlands,NLD,2015,antihypertensives,Anti-hipertensivos (composição OECD),C02+C03+C07+C08+C09,300.9,D
Netherlands,NLD,2016,antihypertensives,Anti-hipertensivos (composição OECD),C02+C03+C07+C08+C09,300.1,D
Netherlands,NLD,2017,antihypertensives,Anti-hipertensivos (composição OECD),C02+C03+C07+C08+C09,301.29999999999995,D
Netherlands,NLD,2018,antihypertensives,Anti-hipertensivos (composição OECD),C02+C03+C07+C08+C09,299.9,D
Netherlands,NLD,2019,antihypertensives,Anti-hipertensivos (composição OECD),C02+C03+C07+C08+C09,301.8,D
Netherlands,NLD,2020,antihypertensives,Anti-hipertensivos (composição OECD),C02+C03+C07+C08+C09,298.7,D
Netherlands,NLD,2021,antihypertensives,Anti-hipertensivos (composição OECD),C02+C03+C07+C08+C09,299.8,D
Netherlands,NLD,2022,antihypertensives,Anti-hipertensivos (composição OECD),C02+C03+C07+C08+C09,297.9,D
Netherlands,NLD,2010,antidepressants,Antidepressivos,N06A,40.4,D
Netherlands,NLD,2011,antidepressants,Antidepressivos,N06A,41.6,D
Netherlands,NLD,2012,antidepressants,Antidepressivos,N06A,42.4,D
Netherlands,NLD,2013,antidepressants,Antidepressivos,N06A,43.3,D
Netherlands,NLD,2014,antidepressants,Antidepressivos,N06A,44.3,D
Netherlands,NLD,2015,antidepressants,Antidepressivos,N06A,45.5,D
Netherlands,NLD,2016,antidepressants,Antidepressivos,N06A,45.9,D
Netherlands,NLD,2017,antidepressants,Antidepressivos,N06A,46.2,D
Netherlands,NLD,2018,antidepressants,Antidepressivos,N06A,47.2,D
Netherlands,NLD,2019,antidepressants,Antidepressivos,N06A,48.0,D
Netherlands,NLD,2020,antidepressants,Antidepressivos,N06A,48.4,D
Netherlands,NLD,2021,antidepressants,Antidepressivos,N06A,48.5,D
Netherlands,NLD,2022,antidepressants,Antidepressivos,N06A,49.4,D
Netherlands,NLD,2010,antidiabetics,Antidiabéticos,A10,72.3,D
Netherlands,NLD,2011,antidiabetics,Antidiabéticos,A10,72.9,D
Netherlands,NLD,2012,antidiabetics,Antidiabéticos,A10,74.1,D
Netherlands,NLD,2013,antidiabetics,Antidiabéticos,A10,75.1,D
Netherlands,NLD,2014,antidiabetics,Antidiabéticos,A10,75.0,D
Netherlands,NLD,2015,antidiabetics,Antidiabéticos,A10,75.8,D
Netherlands,NLD,2016,antidiabetics,Antidiabéticos,A10,76.2,D
Netherlands,NLD,2017,antidiabetics,Antidiabéticos,A10,77.2,D
Netherlands,NLD,2018,antidiabetics,Antidiabéticos,A10,75.1,D
Netherlands,NLD,2019,antidiabetics,Antidiabéticos,A10,76.9,D
Netherlands,NLD,2020,antidiabetics,Antidiabéticos,A10,77.6,D
Netherlands,NLD,2021,antidiabetics,Antidiabéticos,A10,78.7,D
Netherlands,NLD,2022,antidiabetics,Antidiabéticos,A10,81.7,D
Netherlands,NLD,2010,lipid_modifying,Hipolipemiantes,C10,94.6,D
Netherlands,NLD,2011,lipid_modifying,Hipolipemiantes,C10,100.3,D
Netherlands,NLD,2012,lipid_modifying,Hipolipemiantes,C10,106.9,D
Netherlands,NLD,2013,lipid_modifying,Hipolipemiantes,C10,111.8,D
Netherlands,NLD,2014,lipid_modifying,Hipolipemiantes,C10,116.5,D
Netherlands,NLD,2015,lipid_modifying,Hipolipemiantes,C10,120.1,D
Netherlands,NLD,2016,lipid_modifying,Hipolipemiantes,C10,124.2,D
Netherlands,NLD,2017,lipid_modifying,Hipolipemiantes,C10,129.9,D
Netherlands,NLD,2018,lipid_modifying,Hipolipemiantes,C10,133.7,D
Netherlands,NLD,2019,lipid_modifying,Hipolipemiantes,C10,136.3,D
Netherlands,NLD,2020,lipid_modifying,Hipolipemiantes,C10,137.4,D
Netherlands,NLD,2021,lipid_modifying,Hipolipemiantes,C10,140.7,D
Netherlands,NLD,2022,lipid_modifying,Hipolipemiantes,C10,144.1,D
Norway,NOR,2010,antihypertensives,Anti-hipertensivos (composição OECD),C02+C03+C07+C08+C09,280.9,
Norway,NOR,2011,antihypertensives,Anti-hipertensivos (composição OECD),C02+C03+C07+C08+C09,278.5,
Norway,NOR,2012,antihypertensives,Anti-hipertensivos (composição OECD),C02+C03+C07+C08+C09,278.70000000000005,
Norway,NOR,2013,antihypertensives,Anti-hipertensivos (composição OECD),C02+C03+C07+C08+C09,279.7,
Norway,NOR,2014,antihypertensives,Anti-hipertensivos (composição OECD),C02+C03+C07+C08+C09,278.9,
Norway,NOR,2015,antihypertensives,Anti-hipertensivos (composição OECD),C02+C03+C07+C08+C09,278.0,
Norway,NOR,2016,antihypertensives,Anti-hipertensivos (composição OECD),C02+C03+C07+C08+C09,278.9,
Norway,NOR,2017,antihypertensives,Anti-hipertensivos (composição OECD),C02+C03+C07+C08+C09,279.0,
Norway,NOR,2018,antihypertensives,Anti-hipertensivos (composição OECD),C02+C03+C07+C08+C09,280.70000000000005,
Norway,NOR,2019,antihypertensives,Anti-hipertensivos (composição OECD),C02+C03+C07+C08+C09,288.8,
Norway,NOR,2020,antihypertensives,Anti-hipertensivos (composição OECD),C02+C03+C07+C08+C09,289.4,
Norway,NOR,2021,antihypertensives,Anti-hipertensivos (composição OECD),C02+C03+C07+C08+C09,293.2,
Norway,NOR,2022,antihypertensives,Anti-hipertensivos (composição OECD),C02+C03+C07+C08+C09,300.9,
Norway,NOR,2023,antihypertensives,Anti-hipertensivos (composição OECD),C02+C03+C07+C08+C09,301.9,
Norway,NOR,2010,antidepressants,Antidepressivos,N06A,56.5,
Norway,NOR,2011,antidepressants,Antidepressivos,N06A,57.7,
Norway,NOR,2012,antidepressants,Antidepressivos,N06A,57.5,
Norway,NOR,2013,antidepressants,Antidepressivos,N06A,56.9,
Norway,NOR,2014,antidepressants,Antidepressivos,N06A,57.1,
Norway,NOR,2015,antidepressants,Antidepressivos,N06A,58.0,
Norway,NOR,2016,antidepressants,Antidepressivos,N06A,57.6,
Norway,NOR,2017,antidepressants,Antidepressivos,N06A,57.3,
Norway,NOR,2018,antidepressants,Antidepressivos,N06A,56.2,
Norway,NOR,2019,antidepressants,Antidepressivos,N06A,57.9,
Norway,NOR,2020,antidepressants,Antidepressivos,N06A,58.7,
Norway,NOR,2021,antidepressants,Antidepressivos,N06A,61.1,
Norway,NOR,2022,antidepressants,Antidepressivos,N06A,63.1,
Norway,NOR,2023,antidepressants,Antidepressivos,N06A,63.5,
Norway,NOR,2010,antidiabetics,Antidiabéticos,A10,48.3,
Norway,NOR,2011,antidiabetics,Antidiabéticos,A10,48.4,
Norway,NOR,2012,antidiabetics,Antidiabéticos,A10,48.4,
Norway,NOR,2013,antidiabetics,Antidiabéticos,A10,48.7,
Norway,NOR,2014,antidiabetics,Antidiabéticos,A10,50.1,
Norway,NOR,2015,antidiabetics,Antidiabéticos,A10,51.5,
Norway,NOR,2016,antidiabetics,Antidiabéticos,A10,53.0,
Norway,NOR,2017,antidiabetics,Antidiabéticos,A10,55.4,
Norway,NOR,2018,antidiabetics,Antidiabéticos,A10,56.2,
Norway,NOR,2019,antidiabetics,Antidiabéticos,A10,58.5,
Norway,NOR,2020,antidiabetics,Antidiabéticos,A10,59.9,
Norway,NOR,2021,antidiabetics,Antidiabéticos,A10,65.9,
Norway,NOR,2022,antidiabetics,Antidiabéticos,A10,76.8,
Norway,NOR,2023,antidiabetics,Antidiabéticos,A10,88.5,
Norway,NOR,2010,lipid_modifying,Hipolipemiantes,C10,112.9,
Norway,NOR,2011,lipid_modifying,Hipolipemiantes,C10,116.6,
Norway,NOR,2012,lipid_modifying,Hipolipemiantes,C10,118.7,
Norway,NOR,2013,lipid_modifying,Hipolipemiantes,C10,121.0,
Norway,NOR,2014,lipid_modifying,Hipolipemiantes,C10,123.7,
Norway,NOR,2015,lipid_modifying,Hipolipemiantes,C10,128.6,
Norway,NOR,2016,lipid_modifying,Hipolipemiantes,C10,131.9,
Norway,NOR,2017,lipid_modifying,Hipolipemiantes,C10,135.6,
Norway,NOR,2018,lipid_modifying,Hipolipemiantes,C10,142.5,
Norway,NOR,2019,lipid_modifying,Hipolipemiantes,C10,147.7,
Norway,NOR,2020,lipid_modifying,Hipolipemiantes,C10,161.3,
Norway,NOR,2021,lipid_modifying,Hipolipemiantes,C10,173.3,
Norway,NOR,2022,lipid_modifying,Hipolipemiantes,C10,186.8,
Norway,NOR,2023,lipid_modifying,Hipolipemiantes,C10,197.0,
New Zealand,NZL,2018,antihypertensives,Anti-hipertensivos (composição OECD),C02+C03+C07+C08+C09,262.7,E
New Zealand,NZL,2019,antihypertensives,Anti-hipertensivos (composição OECD),C02+C03+C07+C08+C09,265.79999999999995,E
New Zealand,NZL,2020,antihypertensives,Anti-hipertensivos (composição OECD),C02+C03+C07+C08+C09,256.4,E
New Zealand,NZL,2021,antihypertensives,Anti-hipertensivos (composição OECD),C02+C03+C07+C08+C09,295.29999999999995,E
New Zealand,NZL,2022,antihypertensives,Anti-hipertensivos (composição OECD),C02+C03+C07+C08+C09,294.40000000000003,E
New Zealand,NZL,2023,antihypertensives,Anti-hipertensivos (composição OECD),C02+C03+C07+C08+C09,315.4,E
New Zealand,NZL,2018,antidepressants,Antidepressivos,N06A,81.4,E
New Zealand,NZL,2019,antidepressants,Antidepressivos,N06A,82.6,E
New Zealand,NZL,2020,antidepressants,Antidepressivos,N06A,81.4,E
New Zealand,NZL,2021,antidepressants,Antidepressivos,N06A,92.0,E
New Zealand,NZL,2022,antidepressants,Antidepressivos,N06A,96.0,E
New Zealand,NZL,2023,antidepressants,Antidepressivos,N06A,100.4,E
New Zealand,NZL,2018,antidiabetics,Antidiabéticos,A10,57.0,E
New Zealand,NZL,2019,antidiabetics,Antidiabéticos,A10,57.2,E
New Zealand,NZL,2020,antidiabetics,Antidiabéticos,A10,53.0,E
New Zealand,NZL,2021,antidiabetics,Antidiabéticos,A10,54.9,E
New Zealand,NZL,2022,antidiabetics,Antidiabéticos,A10,52.3,E
New Zealand,NZL,2023,antidiabetics,Antidiabéticos,A10,54.1,E
New Zealand,NZL,2018,lipid_modifying,Hipolipemiantes,C10,135.2,E
New Zealand,NZL,2019,lipid_modifying,Hipolipemiantes,C10,139.0,E
New Zealand,NZL,2020,lipid_modifying,Hipolipemiantes,C10,133.7,E
New Zealand,NZL,2021,lipid_modifying,Hipolipemiantes,C10,154.2,E
New Zealand,NZL,2022,lipid_modifying,Hipolipemiantes,C10,156.2,E
New Zealand,NZL,2023,lipid_modifying,Hipolipemiantes,C10,170.6,E
Poland,POL,2019,antihypertensives,Anti-hipertensivos (composição OECD),C02+C03+C07+C08+C09,375.6,D
Poland,POL,2020,antihypertensives,Anti-hipertensivos (composição OECD),C02+C03+C07+C08+C09,386.1,D
Poland,POL,2021,antihypertensives,Anti-hipertensivos (composição OECD),C02+C03+C07+C08+C09,377.2,D
Poland,POL,2022,antihypertensives,Anti-hipertensivos (composição OECD),C02+C03+C07+C08+C09,378.4,D
Poland,POL,2023,antihypertensives,Anti-hipertensivos (composição OECD),C02+C03+C07+C08+C09,384.4,D
Poland,POL,2019,antidepressants,Antidepressivos,N06A,23.2,D
Poland,POL,2020,antidepressants,Antidepressivos,N06A,26.9,D
Poland,POL,2021,antidepressants,Antidepressivos,N06A,30.5,D
Poland,POL,2022,antidepressants,Antidepressivos,N06A,35.0,D
Poland,POL,2023,antidepressants,Antidepressivos,N06A,39.1,D
Poland,POL,2019,antidiabetics,Antidiabéticos,A10,73.8,D
Poland,POL,2020,antidiabetics,Antidiabéticos,A10,76.8,D
Poland,POL,2021,antidiabetics,Antidiabéticos,A10,77.4,D
Poland,POL,2022,antidiabetics,Antidiabéticos,A10,82.5,D
Poland,POL,2023,antidiabetics,Antidiabéticos,A10,88.3,D
Poland,POL,2019,lipid_modifying,Hipolipemiantes,C10,116.8,D
Poland,POL,2020,lipid_modifying,Hipolipemiantes,C10,125.0,D
Poland,POL,2021,lipid_modifying,Hipolipemiantes,C10,130.0,D
Poland,POL,2022,lipid_modifying,Hipolipemiantes,C10,141.5,D
Poland,POL,2023,lipid_modifying,Hipolipemiantes,C10,155.4,D
Portugal,PRT,2010,antihypertensives,Anti-hipertensivos (composição OECD),C02+C03+C07+C08+C09,258.8,D
Portugal,PRT,2011,antihypertensives,Anti-hipertensivos (composição OECD),C02+C03+C07+C08+C09,244.2,D
Portugal,PRT,2012,antihypertensives,Anti-hipertensivos (composição OECD),C02+C03+C07+C08+C09,250.6,D
Portugal,PRT,2013,antihypertensives,Anti-hipertensivos (composição OECD),C02+C03+C07+C08+C09,249.6,D
Portugal,PRT,2014,antihypertensives,Anti-hipertensivos (composição OECD),C02+C03+C07+C08+C09,249.0,D
Portugal,PRT,2015,antihypertensives,Anti-hipertensivos (composição OECD),C02+C03+C07+C08+C09,247.9,D
Portugal,PRT,2016,antihypertensives,Anti-hipertensivos (composição OECD),C02+C03+C07+C08+C09,249.3,D
Portugal,PRT,2017,antihypertensives,Anti-hipertensivos (composição OECD),C02+C03+C07+C08+C09,248.0,D
Portugal,PRT,2018,antihypertensives,Anti-hipertensivos (composição OECD),C02+C03+C07+C08+C09,250.7,D
Portugal,PRT,2019,antihypertensives,Anti-hipertensivos (composição OECD),C02+C03+C07+C08+C09,262.2,D
Portugal,PRT,2020,antihypertensives,Anti-hipertensivos (composição OECD),C02+C03+C07+C08+C09,265.1,D
Portugal,PRT,2021,antihypertensives,Anti-hipertensivos (composição OECD),C02+C03+C07+C08+C09,264.1,D
Portugal,PRT,2022,antihypertensives,Anti-hipertensivos (composição OECD),C02+C03+C07+C08+C09,262.5,D
Portugal,PRT,2023,antihypertensives,Anti-hipertensivos (composição OECD),C02+C03+C07+C08+C09,257.0,D
Portugal,PRT,2010,antidepressants,Antidepressivos,N06A,78.7,D
Portugal,PRT,2011,antidepressants,Antidepressivos,N06A,78.3,D
Portugal,PRT,2012,antidepressants,Antidepressivos,N06A,84.5,D
Portugal,PRT,2013,antidepressants,Antidepressivos,N06A,87.5,D
Portugal,PRT,2014,antidepressants,Antidepressivos,N06A,92.1,D
Portugal,PRT,2015,antidepressants,Antidepressivos,N06A,95.1,D
Portugal,PRT,2016,antidepressants,Antidepressivos,N06A,99.5,D
Portugal,PRT,2017,antidepressants,Antidepressivos,N06A,103.8,D
Portugal,PRT,2018,antidepressants,Antidepressivos,N06A,109.3,D
Portugal,PRT,2019,antidepressants,Antidepressivos,N06A,123.7,D
Portugal,PRT,2020,antidepressants,Antidepressivos,N06A,131.0,D
Portugal,PRT,2021,antidepressants,Antidepressivos,N06A,138.8,D
Portugal,PRT,2022,antidepressants,Antidepressivos,N06A,148.9,D
Portugal,PRT,2023,antidepressants,Antidepressivos,N06A,154.4,D
Portugal,PRT,2010,antidiabetics,Antidiabéticos,A10,62.5,D
Portugal,PRT,2011,antidiabetics,Antidiabéticos,A10,58.6,D
Portugal,PRT,2012,antidiabetics,Antidiabéticos,A10,61.0,D
Portugal,PRT,2013,antidiabetics,Antidiabéticos,A10,62.7,D
Portugal,PRT,2014,antidiabetics,Antidiabéticos,A10,64.5,D
Portugal,PRT,2015,antidiabetics,Antidiabéticos,A10,67.2,D
Portugal,PRT,2016,antidiabetics,Antidiabéticos,A10,68.5,D
Portugal,PRT,2017,antidiabetics,Antidiabéticos,A10,67.9,D
Portugal,PRT,2018,antidiabetics,Antidiabéticos,A10,70.4,D
Portugal,PRT,2019,antidiabetics,Antidiabéticos,A10,74.4,D
Portugal,PRT,2020,antidiabetics,Antidiabéticos,A10,77.2,D
Portugal,PRT,2021,antidiabetics,Antidiabéticos,A10,79.3,D
Portugal,PRT,2022,antidiabetics,Antidiabéticos,A10,85.1,D
Portugal,PRT,2023,antidiabetics,Antidiabéticos,A10,85.4,D
Portugal,PRT,2010,lipid_modifying,Hipolipemiantes,C10,89.3,D
Portugal,PRT,2011,lipid_modifying,Hipolipemiantes,C10,87.5,D
Portugal,PRT,2012,lipid_modifying,Hipolipemiantes,C10,94.0,D
Portugal,PRT,2013,lipid_modifying,Hipolipemiantes,C10,101.9,D
Portugal,PRT,2014,lipid_modifying,Hipolipemiantes,C10,105.3,D
Portugal,PRT,2015,lipid_modifying,Hipolipemiantes,C10,106.9,D
Portugal,PRT,2016,lipid_modifying,Hipolipemiantes,C10,109.9,D
Portugal,PRT,2017,lipid_modifying,Hipolipemiantes,C10,108.7,D
Portugal,PRT,2018,lipid_modifying,Hipolipemiantes,C10,112.3,D
Portugal,PRT,2019,lipid_modifying,Hipolipemiantes,C10,124.1,D
Portugal,PRT,2020,lipid_modifying,Hipolipemiantes,C10,133.9,D
Portugal,PRT,2021,lipid_modifying,Hipolipemiantes,C10,142.3,D
Portugal,PRT,2022,lipid_modifying,Hipolipemiantes,C10,154.6,D
Portugal,PRT,2023,lipid_modifying,Hipolipemiantes,C10,161.1,D
Slovak Republic,SVK,2010,antihypertensives,Anti-hipertensivos (composição OECD),C02+C03+C07+C08+C09,370.7000000000001,
Slovak Republic,SVK,2011,antihypertensives,Anti-hipertensivos (composição OECD),C02+C03+C07+C08+C09,378.2000000000001,
Slovak Republic,SVK,2012,antihypertensives,Anti-hipertensivos (composição OECD),C02+C03+C07+C08+C09,364.8,
Slovak Republic,SVK,2013,antihypertensives,Anti-hipertensivos (composição OECD),C02+C03+C07+C08+C09,409.69999999999993,
Slovak Republic,SVK,2014,antihypertensives,Anti-hipertensivos (composição OECD),C02+C03+C07+C08+C09,417.4,
Slovak Republic,SVK,2015,antihypertensives,Anti-hipertensivos (composição OECD),C02+C03+C07+C08+C09,420.9,
Slovak Republic,SVK,2016,antihypertensives,Anti-hipertensivos (composição OECD),C02+C03+C07+C08+C09,405.3,B
Slovak Republic,SVK,2017,antihypertensives,Anti-hipertensivos (composição OECD),C02+C03+C07+C08+C09,399.1,
Slovak Republic,SVK,2018,antihypertensives,Anti-hipertensivos (composição OECD),C02+C03+C07+C08+C09,398.7,
Slovak Republic,SVK,2019,antihypertensives,Anti-hipertensivos (composição OECD),C02+C03+C07+C08+C09,396.4,
Slovak Republic,SVK,2020,antihypertensives,Anti-hipertensivos (composição OECD),C02+C03+C07+C08+C09,400.2,
Slovak Republic,SVK,2021,antihypertensives,Anti-hipertensivos (composição OECD),C02+C03+C07+C08+C09,390.4,
Slovak Republic,SVK,2022,antihypertensives,Anti-hipertensivos (composição OECD),C02+C03+C07+C08+C09,394.7,
Slovak Republic,SVK,2010,antidepressants,Antidepressivos,N06A,29.0,
Slovak Republic,SVK,2011,antidepressants,Antidepressivos,N06A,30.7,
Slovak Republic,SVK,2012,antidepressants,Antidepressivos,N06A,30.2,
Slovak Republic,SVK,2013,antidepressants,Antidepressivos,N06A,35.2,
Slovak Republic,SVK,2014,antidepressants,Antidepressivos,N06A,38.1,
Slovak Republic,SVK,2015,antidepressants,Antidepressivos,N06A,40.0,
Slovak Republic,SVK,2016,antidepressants,Antidepressivos,N06A,38.9,B
Slovak Republic,SVK,2017,antidepressants,Antidepressivos,N06A,39.4,
Slovak Republic,SVK,2018,antidepressants,Antidepressivos,N06A,41.1,
Slovak Republic,SVK,2019,antidepressants,Antidepressivos,N06A,42.4,
Slovak Republic,SVK,2020,antidepressants,Antidepressivos,N06A,42.9,
Slovak Republic,SVK,2021,antidepressants,Antidepressivos,N06A,44.7,
Slovak Republic,SVK,2022,antidepressants,Antidepressivos,N06A,47.1,
Slovak Republic,SVK,2010,antidiabetics,Antidiabéticos,A10,57.8,
Slovak Republic,SVK,2011,antidiabetics,Antidiabéticos,A10,61.3,
Slovak Republic,SVK,2012,antidiabetics,Antidiabéticos,A10,58.0,
Slovak Republic,SVK,2013,antidiabetics,Antidiabéticos,A10,65.6,
Slovak Republic,SVK,2014,antidiabetics,Antidiabéticos,A10,70.4,
Slovak Republic,SVK,2015,antidiabetics,Antidiabéticos,A10,75.2,
Slovak Republic,SVK,2016,antidiabetics,Antidiabéticos,A10,76.3,B
Slovak Republic,SVK,2017,antidiabetics,Antidiabéticos,A10,76.0,
Slovak Republic,SVK,2018,antidiabetics,Antidiabéticos,A10,76.8,
Slovak Republic,SVK,2019,antidiabetics,Antidiabéticos,A10,78.6,
Slovak Republic,SVK,2020,antidiabetics,Antidiabéticos,A10,80.4,
Slovak Republic,SVK,2021,antidiabetics,Antidiabéticos,A10,79.5,
Slovak Republic,SVK,2022,antidiabetics,Antidiabéticos,A10,92.9,
Slovak Republic,SVK,2010,lipid_modifying,Hipolipemiantes,C10,113.8,
Slovak Republic,SVK,2011,lipid_modifying,Hipolipemiantes,C10,129.5,
Slovak Republic,SVK,2012,lipid_modifying,Hipolipemiantes,C10,130.5,
Slovak Republic,SVK,2013,lipid_modifying,Hipolipemiantes,C10,152.9,
Slovak Republic,SVK,2014,lipid_modifying,Hipolipemiantes,C10,152.2,
Slovak Republic,SVK,2015,lipid_modifying,Hipolipemiantes,C10,152.0,
Slovak Republic,SVK,2016,lipid_modifying,Hipolipemiantes,C10,97.5,B
Slovak Republic,SVK,2017,lipid_modifying,Hipolipemiantes,C10,98.5,
Slovak Republic,SVK,2018,lipid_modifying,Hipolipemiantes,C10,93.2,
Slovak Republic,SVK,2019,lipid_modifying,Hipolipemiantes,C10,95.0,
Slovak Republic,SVK,2020,lipid_modifying,Hipolipemiantes,C10,98.2,
Slovak Republic,SVK,2021,lipid_modifying,Hipolipemiantes,C10,100.3,
Slovak Republic,SVK,2022,lipid_modifying,Hipolipemiantes,C10,107.3,
Slovenia,SVN,2010,antihypertensives,Anti-hipertensivos (composição OECD),C02+C03+C07+C08+C09,414.0,
Slovenia,SVN,2011,antihypertensives,Anti-hipertensivos (composição OECD),C02+C03+C07+C08+C09,415.3,
Slovenia,SVN,2012,antihypertensives,Anti-hipertensivos (composição OECD),C02+C03+C07+C08+C09,412.4,
Slovenia,SVN,2013,antihypertensives,Anti-hipertensivos (composição OECD),C02+C03+C07+C08+C09,414.1,
Slovenia,SVN,2014,antihypertensives,Anti-hipertensivos (composição OECD),C02+C03+C07+C08+C09,413.4,
Slovenia,SVN,2015,antihypertensives,Anti-hipertensivos (composição OECD),C02+C03+C07+C08+C09,411.4,
Slovenia,SVN,2016,antihypertensives,Anti-hipertensivos (composição OECD),C02+C03+C07+C08+C09,408.4,
Slovenia,SVN,2017,antihypertensives,Anti-hipertensivos (composição OECD),C02+C03+C07+C08+C09,402.8,
Slovenia,SVN,2018,antihypertensives,Anti-hipertensivos (composição OECD),C02+C03+C07+C08+C09,398.0,
Slovenia,SVN,2019,antihypertensives,Anti-hipertensivos (composição OECD),C02+C03+C07+C08+C09,393.1,
Slovenia,SVN,2020,antihypertensives,Anti-hipertensivos (composição OECD),C02+C03+C07+C08+C09,387.5,
Slovenia,SVN,2021,antihypertensives,Anti-hipertensivos (composição OECD),C02+C03+C07+C08+C09,379.5,
Slovenia,SVN,2022,antihypertensives,Anti-hipertensivos (composição OECD),C02+C03+C07+C08+C09,375.6,
Slovenia,SVN,2010,antidepressants,Antidepressivos,N06A,47.0,
Slovenia,SVN,2011,antidepressants,Antidepressivos,N06A,50.0,
Slovenia,SVN,2012,antidepressants,Antidepressivos,N06A,51.0,
Slovenia,SVN,2013,antidepressants,Antidepressivos,N06A,53.3,
Slovenia,SVN,2014,antidepressants,Antidepressivos,N06A,55.0,
Slovenia,SVN,2015,antidepressants,Antidepressivos,N06A,56.8,
Slovenia,SVN,2016,antidepressants,Antidepressivos,N06A,58.6,
Slovenia,SVN,2017,antidepressants,Antidepressivos,N06A,59.5,
Slovenia,SVN,2018,antidepressants,Antidepressivos,N06A,61.5,
Slovenia,SVN,2019,antidepressants,Antidepressivos,N06A,63.3,
Slovenia,SVN,2020,antidepressants,Antidepressivos,N06A,63.6,
Slovenia,SVN,2021,antidepressants,Antidepressivos,N06A,66.1,
Slovenia,SVN,2022,antidepressants,Antidepressivos,N06A,68.4,
Slovenia,SVN,2010,antidiabetics,Antidiabéticos,A10,63.9,
Slovenia,SVN,2011,antidiabetics,Antidiabéticos,A10,67.3,
Slovenia,SVN,2012,antidiabetics,Antidiabéticos,A10,70.5,
Slovenia,SVN,2013,antidiabetics,Antidiabéticos,A10,73.1,
Slovenia,SVN,2014,antidiabetics,Antidiabéticos,A10,74.2,
Slovenia,SVN,2015,antidiabetics,Antidiabéticos,A10,75.9,
Slovenia,SVN,2016,antidiabetics,Antidiabéticos,A10,78.6,
Slovenia,SVN,2017,antidiabetics,Antidiabéticos,A10,80.7,
Slovenia,SVN,2018,antidiabetics,Antidiabéticos,A10,82.6,
Slovenia,SVN,2019,antidiabetics,Antidiabéticos,A10,83.3,
Slovenia,SVN,2020,antidiabetics,Antidiabéticos,A10,85.1,
Slovenia,SVN,2021,antidiabetics,Antidiabéticos,A10,87.2,
Slovenia,SVN,2022,antidiabetics,Antidiabéticos,A10,91.6,
Slovenia,SVN,2010,lipid_modifying,Hipolipemiantes,C10,82.9,
Slovenia,SVN,2011,lipid_modifying,Hipolipemiantes,C10,93.0,
Slovenia,SVN,2012,lipid_modifying,Hipolipemiantes,C10,101.6,
Slovenia,SVN,2013,lipid_modifying,Hipolipemiantes,C10,109.9,
Slovenia,SVN,2014,lipid_modifying,Hipolipemiantes,C10,112.5,
Slovenia,SVN,2015,lipid_modifying,Hipolipemiantes,C10,118.3,
Slovenia,SVN,2016,lipid_modifying,Hipolipemiantes,C10,125.1,
Slovenia,SVN,2017,lipid_modifying,Hipolipemiantes,C10,132.7,
Slovenia,SVN,2018,lipid_modifying,Hipolipemiantes,C10,137.8,
Slovenia,SVN,2019,lipid_modifying,Hipolipemiantes,C10,146.3,
Slovenia,SVN,2020,lipid_modifying,Hipolipemiantes,C10,156.0,
Slovenia,SVN,2021,lipid_modifying,Hipolipemiantes,C10,165.3,
Slovenia,SVN,2022,lipid_modifying,Hipolipemiantes,C10,179.5,
Sweden,SWE,2010,antihypertensives,Anti-hipertensivos (composição OECD),C02+C03+C07+C08+C09,352.70000000000005,
Sweden,SWE,2011,antihypertensives,Anti-hipertensivos (composição OECD),C02+C03+C07+C08+C09,357.7,
Sweden,SWE,2012,antihypertensives,Anti-hipertensivos (composição OECD),C02+C03+C07+C08+C09,361.3,
Sweden,SWE,2013,antihypertensives,Anti-hipertensivos (composição OECD),C02+C03+C07+C08+C09,368.4,
Sweden,SWE,2014,antihypertensives,Anti-hipertensivos (composição OECD),C02+C03+C07+C08+C09,370.3,
Sweden,SWE,2015,antihypertensives,Anti-hipertensivos (composição OECD),C02+C03+C07+C08+C09,374.3,
Sweden,SWE,2016,antihypertensives,Anti-hipertensivos (composição OECD),C02+C03+C07+C08+C09,377.2,
Sweden,SWE,2017,antihypertensives,Anti-hipertensivos (composição OECD),C02+C03+C07+C08+C09,378.7000000000001,
Sweden,SWE,2018,antihypertensives,Anti-hipertensivos (composição OECD),C02+C03+C07+C08+C09,380.5,
Sweden,SWE,2019,antihypertensives,Anti-hipertensivos (composição OECD),C02+C03+C07+C08+C09,388.3,
Sweden,SWE,2020,antihypertensives,Anti-hipertensivos (composição OECD),C02+C03+C07+C08+C09,396.0,
Sweden,SWE,2021,antihypertensives,Anti-hipertensivos (composição OECD),C02+C03+C07+C08+C09,401.5,
Sweden,SWE,2022,antihypertensives,Anti-hipertensivos (composição OECD),C02+C03+C07+C08+C09,412.9,
Sweden,SWE,2023,antihypertensives,Anti-hipertensivos (composição OECD),C02+C03+C07+C08+C09,420.8,
Sweden,SWE,2010,antidepressants,Antidepressivos,N06A,75.8,
Sweden,SWE,2011,antidepressants,Antidepressivos,N06A,79.4,
Sweden,SWE,2012,antidepressants,Antidepressivos,N06A,81.1,
Sweden,SWE,2013,antidepressants,Antidepressivos,N06A,84.3,
Sweden,SWE,2014,antidepressants,Antidepressivos,N06A,87.8,
Sweden,SWE,2015,antidepressants,Antidepressivos,N06A,92.5,
Sweden,SWE,2016,antidepressants,Antidepressivos,N06A,95.0,
Sweden,SWE,2017,antidepressants,Antidepressivos,N06A,96.9,
Sweden,SWE,2018,antidepressants,Antidepressivos,N06A,98.8,
Sweden,SWE,2019,antidepressants,Antidepressivos,N06A,102.7,
Sweden,SWE,2020,antidepressants,Antidepressivos,N06A,105.5,
Sweden,SWE,2021,antidepressants,Antidepressivos,N06A,108.9,
Sweden,SWE,2022,antidepressants,Antidepressivos,N06A,114.5,
Sweden,SWE,2023,antidepressants,Antidepressivos,N06A,117.8,
Sweden,SWE,2010,antidiabetics,Antidiabéticos,A10,51.9,
Sweden,SWE,2011,antidiabetics,Antidiabéticos,A10,53.0,
Sweden,SWE,2012,antidiabetics,Antidiabéticos,A10,53.9,
Sweden,SWE,2013,antidiabetics,Antidiabéticos,A10,55.6,
Sweden,SWE,2014,antidiabetics,Antidiabéticos,A10,56.5,
Sweden,SWE,2015,antidiabetics,Antidiabéticos,A10,58.4,
Sweden,SWE,2016,antidiabetics,Antidiabéticos,A10,60.4,
Sweden,SWE,2017,antidiabetics,Antidiabéticos,A10,62.4,
Sweden,SWE,2018,antidiabetics,Antidiabéticos,A10,64.9,
Sweden,SWE,2019,antidiabetics,Antidiabéticos,A10,67.8,
Sweden,SWE,2020,antidiabetics,Antidiabéticos,A10,70.1,
Sweden,SWE,2021,antidiabetics,Antidiabéticos,A10,73.2,
Sweden,SWE,2022,antidiabetics,Antidiabéticos,A10,80.5,
Sweden,SWE,2023,antidiabetics,Antidiabéticos,A10,88.4,
Sweden,SWE,2010,lipid_modifying,Hipolipemiantes,C10,75.6,
Sweden,SWE,2011,lipid_modifying,Hipolipemiantes,C10,77.2,
Sweden,SWE,2012,lipid_modifying,Hipolipemiantes,C10,79.9,
Sweden,SWE,2013,lipid_modifying,Hipolipemiantes,C10,85.9,
Sweden,SWE,2014,lipid_modifying,Hipolipemiantes,C10,92.0,
Sweden,SWE,2015,lipid_modifying,Hipolipemiantes,C10,99.3,
Sweden,SWE,2016,lipid_modifying,Hipolipemiantes,C10,106.9,
Sweden,SWE,2017,lipid_modifying,Hipolipemiantes,C10,115.3,
Sweden,SWE,2018,lipid_modifying,Hipolipemiantes,C10,124.3,
Sweden,SWE,2019,lipid_modifying,Hipolipemiantes,C10,134.3,
Sweden,SWE,2020,lipid_modifying,Hipolipemiantes,C10,144.6,
Sweden,SWE,2021,lipid_modifying,Hipolipemiantes,C10,155.9,
Sweden,SWE,2022,lipid_modifying,Hipolipemiantes,C10,172.5,
Sweden,SWE,2023,lipid_modifying,Hipolipemiantes,C10,187.5,
Turkiye,TUR,2010,antihypertensives,Anti-hipertensivos (composição OECD),C02+C03+C07+C08+C09,112.5,
Turkiye,TUR,2011,antihypertensives,Anti-hipertensivos (composição OECD),C02+C03+C07+C08+C09,119.5,
Turkiye,TUR,2012,antihypertensives,Anti-hipertensivos (composição OECD),C02+C03+C07+C08+C09,123.7,
Turkiye,TUR,2013,antihypertensives,Anti-hipertensivos (composição OECD),C02+C03+C07+C08+C09,126.0,
Turkiye,TUR,2014,antihypertensives,Anti-hipertensivos (composição OECD),C02+C03+C07+C08+C09,127.6,
Turkiye,TUR,2015,antihypertensives,Anti-hipertensivos (composição OECD),C02+C03+C07+C08+C09,132.3,
Turkiye,TUR,2016,antihypertensives,Anti-hipertensivos (composição OECD),C02+C03+C07+C08+C09,134.0,
Turkiye,TUR,2017,antihypertensives,Anti-hipertensivos (composição OECD),C02+C03+C07+C08+C09,140.6,
Turkiye,TUR,2018,antihypertensives,Anti-hipertensivos (composição OECD),C02+C03+C07+C08+C09,149.4,
Turkiye,TUR,2019,antihypertensives,Anti-hipertensivos (composição OECD),C02+C03+C07+C08+C09,154.4,
Turkiye,TUR,2020,antihypertensives,Anti-hipertensivos (composição OECD),C02+C03+C07+C08+C09,170.10000000000002,
Turkiye,TUR,2021,antihypertensives,Anti-hipertensivos (composição OECD),C02+C03+C07+C08+C09,170.3,
Turkiye,TUR,2022,antihypertensives,Anti-hipertensivos (composição OECD),C02+C03+C07+C08+C09,176.5,
Turkiye,TUR,2010,antidepressants,Antidepressivos,N06A,32.7,
Turkiye,TUR,2011,antidepressants,Antidepressivos,N06A,37.0,
Turkiye,TUR,2012,antidepressants,Antidepressivos,N06A,37.3,
Turkiye,TUR,2013,antidepressants,Antidepressivos,N06A,36.3,
Turkiye,TUR,2014,antidepressants,Antidepressivos,N06A,38.1,
Turkiye,TUR,2015,antidepressants,Antidepressivos,N06A,40.7,
Turkiye,TUR,2016,antidepressants,Antidepressivos,N06A,41.0,
Turkiye,TUR,2017,antidepressants,Antidepressivos,N06A,43.5,
Turkiye,TUR,2018,antidepressants,Antidepressivos,N06A,44.1,
Turkiye,TUR,2019,antidepressants,Antidepressivos,N06A,44.2,
Turkiye,TUR,2020,antidepressants,Antidepressivos,N06A,48.9,
Turkiye,TUR,2021,antidepressants,Antidepressivos,N06A,52.5,
Turkiye,TUR,2022,antidepressants,Antidepressivos,N06A,55.2,
Turkiye,TUR,2010,antidiabetics,Antidiabéticos,A10,47.5,
Turkiye,TUR,2011,antidiabetics,Antidiabéticos,A10,53.4,
Turkiye,TUR,2012,antidiabetics,Antidiabéticos,A10,56.2,
Turkiye,TUR,2013,antidiabetics,Antidiabéticos,A10,58.4,
Turkiye,TUR,2014,antidiabetics,Antidiabéticos,A10,61.1,
Turkiye,TUR,2015,antidiabetics,Antidiabéticos,A10,64.2,
Turkiye,TUR,2016,antidiabetics,Antidiabéticos,A10,66.5,
Turkiye,TUR,2017,antidiabetics,Antidiabéticos,A10,72.6,
Turkiye,TUR,2018,antidiabetics,Antidiabéticos,A10,75.4,
Turkiye,TUR,2019,antidiabetics,Antidiabéticos,A10,79.1,
Turkiye,TUR,2020,antidiabetics,Antidiabéticos,A10,91.9,
Turkiye,TUR,2021,antidiabetics,Antidiabéticos,A10,96.3,
Turkiye,TUR,2022,antidiabetics,Antidiabéticos,A10,94.4,
Turkiye,TUR,2010,lipid_modifying,Hipolipemiantes,C10,27.2,
Turkiye,TUR,2011,lipid_modifying,Hipolipemiantes,C10,30.1,
Turkiye,TUR,2012,lipid_modifying,Hipolipemiantes,C10,25.5,
Turkiye,TUR,2013,lipid_modifying,Hipolipemiantes,C10,18.3,
Turkiye,TUR,2014,lipid_modifying,Hipolipemiantes,C10,18.3,
Turkiye,TUR,2015,lipid_modifying,Hipolipemiantes,C10,18.5,
Turkiye,TUR,2016,lipid_modifying,Hipolipemiantes,C10,19.3,
Turkiye,TUR,2017,lipid_modifying,Hipolipemiantes,C10,21.5,
Turkiye,TUR,2018,lipid_modifying,Hipolipemiantes,C10,23.7,
Turkiye,TUR,2019,lipid_modifying,Hipolipemiantes,C10,25.8,
Turkiye,TUR,2020,lipid_modifying,Hipolipemiantes,C10,33.0,
Turkiye,TUR,2021,lipid_modifying,Hipolipemiantes,C10,36.0,
Turkiye,TUR,2022,lipid_modifying,Hipolipemiantes,C10,41.0,
